olores,color,espumas,mat_susp,tem_agua,tem_aire,od,ph,colif_fecales_ufc_100ml,escher_coli_ufc_100ml,enteroc_ufc_100ml,nitrato_mg_l,nh4_mg_l,p_total_l_mg_l,fosf_ortofos_mg_l,dbo_mg_l,turbiedad_ntu,hidr_deriv_petr_ug_l,Poblacion_partido,año,campaña_otoño,campaña_primavera,campaña_verano,codigo
0.0,0.0,0.0,1.0,22.0,21.0,5.53,7.39,9000.0,8700.0,2300.0,8.3,0.49,0.25,0.3,3.0,83.8,0.0,282281.0,2024.0,0.0,0.0,1.0,41.0
0.0,0.0,0.0,0.0,13.8,11.0,9.5,7.06,31614.28571428572,15185.714285714286,1462.571428571429,2.2,2.1142857142857143,0.3471428571428571,0.3428571428571429,6.557142857142857,29.0,73.57142857142857,446949.0,2021.0,0.0,0.0,0.0,39.0
0.0,0.0,0.0,0.0,28.5,29.0,6.7,7.04,800.0,120.0,110.0,2.8,8.281428571428572,0.6757142857142858,0.21,3.6142857142857134,28.0,0.0,446949.0,2023.0,0.0,0.0,1.0,38.0
0.0,0.0,0.0,0.0,17.0,13.0,6.33,8.7,1.0,400.0,120.0,5.5,0.13,0.22,0.18,2.6,45.0,0.0,100930.0,2023.0,1.0,0.0,0.0,7.0
1.0,1.0,0.0,1.0,15.3,10.0,4.13,7.17,6000.0,4100.0,2000.0,23.1,5.2,0.9,0.64,5.6,26.0,0.0,446949.0,2023.0,0.0,0.0,0.0,35.0
0.0,0.0,0.0,0.0,18.0,16.0,6.6,6.73,3.4,3.4,800.0,8.7,0.93,0.22,0.21,4.942857142857143,14.0,0.0,282281.0,2023.0,1.0,0.0,0.0,42.0
0.0,0.0,0.0,0.0,18.0,18.0,7.6,7.3,4.1,4.1,760.0,4.928571428571429,0.5,0.16,0.15,7.0,68.0,0.0,3121707.0,2023.0,1.0,0.0,0.0,17.0
0.0,0.0,0.0,0.0,13.1,7.0,8.63,7.93,10000.0,500.0,140.0,3.7,1.0,0.46,0.34,8.1,18.0,23.571428571428573,633391.0,2021.0,0.0,0.0,0.0,26.0
0.0,0.0,0.0,0.0,22.0,27.0,8.7,8.15,400.0,100.0,225.0,7.9,0.74,0.22,0.13,3.9,25.0,6.428571428571429,63997.0,2021.0,0.0,1.0,0.0,23.0
0.0,1.0,0.0,1.0,22.0,20.0,3.62,7.45,1700.0,1200.0,320.0,5.5,0.64,0.27,0.3542857142857142,3.871428571428571,62.5,0.0,367554.0,2024.0,0.0,0.0,1.0,2.0
0.0,0.0,0.0,0.0,21.4,28.0,4.24,6.85,1000.0,100.0,190.0,5.942857142857142,1.0,0.25,0.28,2.7,14.0,0.0,367554.0,2021.0,0.0,1.0,0.0,4.0
0.0,0.0,0.0,1.0,17.0,13.0,4.29,6.76,106000.0,8000.0,770.0,11.3,0.21,0.51,0.41,3.5,80.0,0.0,446949.0,2022.0,1.0,0.0,0.0,35.0
0.0,0.0,0.0,0.0,18.02,22.2,11.457142857142856,9.154285714285717,20943.0,2400.0,500.0,5.7,0.1,0.6,0.3442857142857143,2.0,56.2,0.0,358712.0,2024.0,0.0,1.0,0.0,13.0
0.0,0.0,0.0,0.0,13.7,14.0,6.66,7.31142857142857,3300.0,2300.0,1500.0,6.014285714285714,8.5,1.5,0.61,4.3,4.0,0.0,297282.0,2023.0,0.0,0.0,0.0,30.0
0.0,0.0,0.0,0.0,25.0,29.1,4.24,6.94,6000.0,200.0,100.0,2.2,0.4,0.36,0.41,3.7,12.0,0.0,367554.0,2021.0,0.0,1.0,0.0,5.0
0.0,0.0,0.0,0.0,17.0,23.0,5.7,7.04,3.0,840.0,88.0,2.7,0.22,0.14,0.13,4.385714285714285,70.0,0.0,633391.0,2023.0,1.0,0.0,0.0,25.0
1.0,0.0,0.0,0.0,15.1,11.0,5.75,7.19,11000.0,5200.0,1400.0,15.7,3.5,0.36,0.34,4.3,39.0,0.0,446949.0,2023.0,0.0,0.0,0.0,33.0
0.0,0.0,0.0,0.0,24.2,19.071428571428573,7.8,7.7,100000.0,45000.0,490.0,6.1,2.5,0.2842857142857143,0.17,5.7,21.0,0.0,3121707.0,2021.0,0.0,1.0,0.0,16.0
1.0,0.0,0.0,1.0,19.0,19.0,7.69,8.26,180000.0,100000.0,8360.57142857143,4.242857142857143,1.5912857142857142,0.56,0.9257142857142858,10.285714285714286,111.64285714285714,0.0,100930.0,2024.0,0.0,0.0,1.0,10.0
0.0,0.0,0.0,0.0,23.0,24.0,4.67,6.84,2200.0,2000.0,100.0,1.8,0.24,0.23,0.2271428571428571,4.257142857142857,126.0,0.0,446949.0,2024.0,0.0,0.0,1.0,36.0
0.0,0.0,0.0,0.0,24.0,23.0,9.59,7.94,1000.0,100.0,10.0,5.7,0.06,0.39,0.29,4.385714285714285,26.0,0.0,633391.0,2022.0,0.0,0.0,1.0,25.0
0.0,0.0,0.0,0.0,20.0,20.0,9.78,8.49,1000.0,800.0,850.0,4.014285714285714,0.33,0.38,0.62,2.2,34.0,0.0,100930.0,2023.0,0.0,1.0,0.0,9.0
0.0,0.0,0.0,0.0,18.0,21.0,6.32,7.248571428571428,1.3,600.0,130.0,5.3,0.77,0.15,0.14,4.357142857142858,23.0,0.0,297282.0,2023.0,1.0,0.0,0.0,28.0
0.0,0.0,0.0,0.0,19.0,19.0,2.2,7.5,200.0,140.0,180.0,4.928571428571429,4.0,0.3028571428571428,0.2,9.0,17.0,0.0,3121707.0,2023.0,1.0,0.0,0.0,14.0
0.0,0.0,0.0,0.0,25.1,22.3,4.4,7.4,14042.857142857143,4200.0,2785.714285714286,3.0,0.5,0.4871428571428571,0.33,4.442857142857143,27.7,0.0,282281.0,2024.0,0.0,1.0,0.0,41.0
0.0,0.0,0.0,0.0,15.0,13.8,10.01,7.59,6000.0,2000.0,830.0,5.8,0.9,0.36,0.36,8.9,18.071428571428573,250.0,282281.0,2021.0,1.0,0.0,0.0,42.0
0.0,0.0,0.0,1.0,10.0,19.0,8.2,8.01,40000.0,1000.0,12.0,3.5,3.1,1.1,0.25,6.8,14.0,0.0,100930.0,2021.0,0.0,1.0,0.0,7.0
0.0,0.0,0.0,0.0,17.4,18.0,6.5,7.39,10000.0,4500.0,440.0,8.2,0.91,0.25,0.25,2.9428571428571426,31.0,0.0,297282.0,2022.0,1.0,0.0,0.0,30.0
0.0,0.0,0.0,0.0,12.0,16.0,10.13,8.63,10000.0,500.0,100.0,4.1,0.6,0.29,0.24,7.1,16.0,11.428571428571429,358712.0,2021.0,0.0,0.0,0.0,12.0
0.0,0.0,0.0,0.0,24.0,23.0,6.69,7.248571428571428,500.0,500.0,200.0,5.0,0.6,0.19,0.3142857142857142,2.0,18.0,0.0,297282.0,2023.0,0.0,1.0,0.0,30.0
1.0,0.0,0.0,0.0,15.8,15.0,10.83,9.39,70000.0,2000.0,370.0,5.8,1.3557142857142856,0.54,0.54,16.0,60.0,0.0,358712.0,2022.0,1.0,0.0,0.0,12.0
0.0,1.0,0.0,1.0,24.5,20.0,1.5,6.54,18000.0,1500.0,100.0,5.6,2.0,0.73,0.6,3.5,12.0,0.0,446949.0,2022.0,0.0,0.0,1.0,37.0
0.0,0.0,0.0,1.0,25.4,33.0,6.2,6.9,2000.0,1000.0,58.0,4.2,3.3,0.7742857142857142,0.14,4.257142857142857,36.0,0.0,446949.0,2021.0,0.0,1.0,0.0,36.0
0.0,0.0,0.0,0.0,18.0,13.0,5.93,8.35,500.0,500.0,140.0,3.7,0.09,0.17,0.12,2.1,32.0,0.0,100930.0,2023.0,1.0,0.0,0.0,8.0
0.0,0.0,0.0,0.0,8.0,10.0,9.7,8.04,15000.0,1500.0,1000.0,4.2,0.2,0.56,0.44,7.0,29.0,0.0,100930.0,2021.0,0.0,0.0,0.0,9.0
0.0,0.0,0.0,0.0,14.4,11.0,3.31,6.79,10000.0,10000.0,1700.0,2.1,2.8,0.44,0.48,4.6,20.0,0.0,446949.0,2021.0,0.0,0.0,0.0,33.0
0.0,0.0,0.0,0.0,17.32857142857143,11.0,8.464285714285714,8.495714285714286,6099.285714285715,5478.571428571428,817.8571428571429,7.0,0.09,0.27,0.15,3.0,20.0,15.0,63997.0,2023.0,1.0,0.0,0.0,18.0
0.0,0.0,0.0,0.0,24.7,20.785714285714285,8.0,7.5,400.0,200.0,20.0,5.1,0.5,0.18,0.35,4.9,31.0,0.0,3121707.0,2022.0,0.0,0.0,1.0,17.0
0.0,0.0,0.0,0.0,23.0,19.0,6.14,7.0,3100.0,2700.0,340.0,4.4,0.4,0.29,0.3342857142857142,3.0,75.4,0.0,297282.0,2024.0,0.0,0.0,1.0,28.0
0.0,0.0,0.0,0.0,26.5,20.785714285714285,8.7,8.1,380.0,340.0,30.0,4.928571428571429,0.8,0.76,0.2185714285714285,8.27142857142857,105.0,0.0,3121707.0,2021.0,0.0,0.0,1.0,17.0
0.0,0.0,1.0,0.0,27.0,23.0,8.16,8.18,700.0,400.0,30.0,4.3,1.0171428571428571,0.44,0.59,3.2142857142857144,66.0,0.0,100930.0,2024.0,0.0,0.0,1.0,9.0
0.0,0.0,0.0,0.0,11.9,4.0,12.61,8.95,1600.0,100.0,160.0,3.9,1.8,1.0814285714285714,0.11,3.6,23.0,0.0,100930.0,2021.0,0.0,0.0,0.0,7.0
0.0,0.0,0.0,0.0,16.7,14.5,3.6,7.7,25000.0,6000.0,70.0,3.1,2.6,0.55,0.55,4.9,34.0,60.0,367554.0,2021.0,1.0,0.0,0.0,5.0
0.0,0.0,0.0,0.0,27.0,26.0,5.83,6.9,6000.0,800.0,760.0,5.9,0.75,0.22,0.18,1.9,19.0,0.0,297282.0,2022.0,0.0,0.0,1.0,28.0
0.0,0.0,0.0,0.0,11.4,4.0,12.47,9.44,300.0,100.0,110.0,5.1,1.1,0.41,0.37,8.8,31.0,8.571428571428571,63997.0,2021.0,0.0,0.0,0.0,21.0
0.0,0.0,0.0,0.0,20.4,14.0,7.78,7.177142857142857,1300.0,1000.0,260.0,3.7,0.74,0.23,0.23,3.957142857142857,39.0,0.0,171616.0,2022.0,0.0,1.0,0.0,27.0
0.0,0.0,0.0,0.0,26.3,25.2,4.43,7.81,2500.0,2000.0,140.0,8.6,0.049,0.69,0.52,9.2,17.0,0.0,367554.0,2022.0,0.0,0.0,1.0,2.0
0.0,0.0,0.0,0.0,25.0,32.0,6.4,7.4,15000.0,2400.0,290.0,3.4,2.1,0.31,0.27,2.8,11.0,0.9857142857142858,297282.0,2021.0,0.0,1.0,0.0,28.0
0.0,0.0,0.0,1.0,21.5,23.0,3.85,6.66,2200.0,100.0,270.0,5.4,0.049,0.28,0.39,1.9,28.0,0.0,171616.0,2022.0,0.0,0.0,1.0,27.0
0.0,0.0,0.0,1.0,24.0,22.0,5.07,6.5,11000.0,11000.0,3000.0,4.2,1.8,0.25,0.3042857142857143,3.8,18.0,0.0,282281.0,2023.0,0.0,1.0,0.0,40.0
0.0,0.0,0.0,0.0,21.0,27.0,4.91,7.4,1800.0,1500.0,480.0,3.1,2.0,0.77,0.47,4.7,16.0,0.0,100930.0,2021.0,0.0,0.0,1.0,7.0
0.0,0.0,0.0,0.0,24.69,25.0,3.03,7.0,7000.0,2200.0,200.0,9.9,1.1842857142857144,0.64,0.57,4.9,23.0,0.0,367554.0,2023.0,0.0,0.0,1.0,4.0
0.0,0.0,0.0,0.0,22.0,20.0,4.9,7.55,2100.0,1900.0,290.0,5.1,0.43,0.26,0.3957142857142857,7.0,71.2,0.0,367554.0,2024.0,0.0,0.0,1.0,1.0
0.0,0.0,0.0,0.0,14.5,13.0,1.1,7.34,4000.0,2000.0,2000.0,13.3,8.0,0.72,0.4,4.4,8.0,0.0,367554.0,2023.0,0.0,0.0,0.0,5.0
0.0,0.0,0.0,0.0,16.2,14.5,4.67,7.69,9000.0,6400.0,600.0,3.4,2.7,0.48,0.48,7.4,30.0,75.0,367554.0,2021.0,1.0,0.0,0.0,2.0
1.0,1.0,0.0,0.0,15.3,13.0,4.74,6.75,82000.0,25000.0,2100.0,2.9,3.2,0.44,0.44,7.2,27.142857142857142,110.0,446949.0,2021.0,1.0,0.0,0.0,34.0
0.0,0.0,0.0,0.0,11.0,15.0,12.67,9.44,5000.0,800.0,600.0,3.2,0.1,0.75,0.75,3.1,43.0,80.0,358712.0,2021.0,1.0,0.0,0.0,13.0
0.0,0.0,0.0,0.0,26.4,20.785714285714285,7.9,7.7,1700.0,1600.0,480.0,4.928571428571429,0.1,0.45,0.17,6.0,65.0,0.0,3121707.0,2023.0,0.0,0.0,1.0,16.0
0.0,0.0,0.0,0.0,25.6,16.428571428571427,2.46,6.97,1500.0,100.0,370.0,3.7,1.5,0.74,0.48,9.5,34.0,0.0,367554.0,2021.0,0.0,0.0,1.0,5.0
0.0,0.0,0.0,0.0,23.7,15.428571428571429,7.6,7.904285714285713,4435.714285714285,1600.0,350.0,6.4,2.1498571428571425,0.5,0.3714285714285714,5.471428571428571,73.6,0.0,63997.0,2024.0,0.0,1.0,0.0,20.0
0.0,0.0,0.0,0.0,17.0,15.0,4.24,7.84,15000.0,6800.0,1200.0,6.2,0.62,0.21,0.2,7.957142857142857,40.0,0.0,63997.0,2023.0,1.0,0.0,0.0,22.0
0.0,0.0,0.0,0.0,23.9,28.0,4.59,6.76,2000.0,100.0,100.0,5.942857142857142,1.5,0.25,0.29,2.4,15.0,0.0,367554.0,2021.0,0.0,1.0,0.0,1.0
0.0,0.0,0.0,0.0,22.0,19.0,8.28,8.11,900.0,570.0,110.0,6.4,0.44,0.17,0.2657142857142857,3.0857142857142854,32.0,0.0,63997.0,2023.0,0.0,1.0,0.0,21.0
0.0,0.0,0.0,1.0,23.0,24.0,1.95,6.65,7000.0,2000.0,1600.0,2.9,0.71,0.44,0.3485714285714286,4.6,3.1,0.0,446949.0,2023.0,0.0,1.0,0.0,37.0
0.0,0.0,0.0,0.0,21.185714285714287,28.0,5.675714285714286,8.23,6000.0,200.0,20.0,7.5,0.07,0.43,0.19,5.6,31.0,0.0,63997.0,2021.0,0.0,1.0,0.0,18.0
1.0,1.0,0.0,1.0,24.6,29.0,1.81,6.71,4000.0,1000.0,1350.0,2.857142857142857,3.1,0.47,0.39,6.0,19.0,0.0,446949.0,2021.0,0.0,1.0,0.0,32.0
0.0,0.0,0.0,0.0,19.0,15.0,4.45,7.48,39428.57142857143,5673.0,482.8571428571428,8.9,0.44,0.26,0.25,4.1,32.0,0.0,367554.0,2023.0,1.0,0.0,0.0,5.0
0.0,1.0,0.0,0.0,18.2,16.0,5.79,6.94,60000.0,2000.0,380.0,4.5,0.05,0.25,0.22,2.5,80.0,0.0,446949.0,2022.0,1.0,0.0,0.0,33.0
0.0,1.0,0.0,1.0,11.0,19.0,8.29,8.39,3600.0,170.0,2.0,3.9,0.11,0.7800000000000001,0.11,3.0,50.0,0.0,100930.0,2021.0,0.0,1.0,0.0,8.0
0.0,1.0,0.0,1.0,22.6,23.0,8.5,8.2,27329.0,575.7142857142857,79.71428571428571,11.6,0.1,0.3728571428571428,0.32,6.471428571428572,87.8,0.0,633391.0,2024.0,0.0,1.0,0.0,25.0
0.0,0.0,0.0,0.0,10.0,12.0,7.214285714285714,8.32,9000.0,2.0,570.0,16.2,5.4,1.3,1.0,4.771428571428571,25.0,0.0,100930.0,2022.0,0.0,0.0,0.0,6.0
0.0,0.0,0.0,0.0,20.0,26.0,4.89,7.75,1200.0,400.0,240.0,3.3,1.8,0.73,0.42,2.7,5.3,0.0,100930.0,2021.0,0.0,0.0,1.0,8.0
0.0,0.0,0.0,0.0,21.4,29.1,4.82,6.82,2000.0,1000.0,200.0,6.199999999999998,0.1,0.35,0.38,3.5,13.0,0.0,367554.0,2021.0,0.0,1.0,0.0,2.0
0.0,0.0,0.0,0.0,21.6,19.0,9.0,8.6,34671.42857142857,14716.57142857143,1410.428571428571,3.7,2.2885714285714287,0.7442857142857144,0.6942857142857143,5.457142857142857,193.0,0.0,100930.0,2024.0,0.0,1.0,0.0,9.0
0.0,0.0,0.0,0.0,15.7,13.0,4.82,7.04,80000.0,60000.0,5600.0,2.9,4.3,0.51,0.51,4.8,36.285714285714285,70.0,446949.0,2021.0,1.0,0.0,0.0,32.0
0.0,0.0,0.0,0.0,13.0,16.0,12.39,9.23,29000.0,1000.0,800.0,5.9,0.24,0.22,0.22,4.2,33.0,75.0,358712.0,2021.0,1.0,0.0,0.0,11.0
0.0,0.0,0.0,0.0,14.6,14.0,5.36,7.48,40000.0,5.0,670.0,13.3,2.0,0.34,0.34,5.0,28.0,0.0,367554.0,2022.0,0.0,0.0,0.0,2.0
0.0,0.0,0.0,0.0,24.4,21.714285714285715,0.8,7.767142857142858,7542.857142857143,6248.571428571428,1054.428571428571,1.4,4.5,0.3071428571428571,0.1928571428571428,6.1571428571428575,17.1,0.0,63997.0,2024.0,0.0,1.0,0.0,22.0
1.0,1.0,0.0,1.0,24.7,31.0,5.07,6.75,6200.0,1400.0,200.0,2.2,1.93,0.21,0.2,2.2,31.0,20.0,446949.0,2021.0,0.0,1.0,0.0,34.0
0.0,0.0,0.0,1.0,23.8,31.0,4.71,6.77,3000.0,2000.0,10.0,2.0,0.3,0.2,0.19,4.142857142857142,33.0,0.0,446949.0,2021.0,0.0,1.0,0.0,33.0
0.0,0.0,0.0,0.0,22.0,20.0,6.59,7.91,700.0,100.0,360.0,2.9,0.049,1.3,0.5,5.0,11.0,0.0,100930.0,2022.0,0.0,0.0,1.0,7.0
1.0,1.0,0.0,0.0,25.2,23.3,2.22,7.45,1400.0,100.0,300.0,7.4,1.0,0.38,0.4,5.8,23.0,0.0,446949.0,2022.0,0.0,0.0,1.0,33.0
0.0,0.0,0.0,1.0,18.0,12.0,7.12,7.22,300.0,1100.0,300.0,6.7,0.13,0.11,0.1,3.571428571428572,60.0,0.0,446949.0,2023.0,1.0,0.0,0.0,36.0
0.0,0.0,0.0,0.0,14.8,13.8,9.32,7.81,4000.0,2000.0,1400.0,5.7,0.9,0.3,0.3,9.8,19.885714285714283,220.0,282281.0,2021.0,1.0,0.0,0.0,41.0
0.0,0.0,0.0,1.0,16.0,22.0,8.13,6.91,1500.2857142857142,618.5714285714286,249.7142857142857,3.7,0.92,0.23,0.3314285714285714,3.9,18.0,0.0,633391.0,2023.0,0.0,1.0,0.0,25.0
0.0,0.0,0.0,0.0,22.0,23.0,5.61,7.248571428571428,400.0,400.0,300.0,3.1,0.27,0.19,0.3142857142857142,2.0,14.0,0.0,297282.0,2023.0,0.0,1.0,0.0,28.0
0.0,0.0,0.0,0.0,17.7,21.714285714285715,7.8,7.6,26000.0,10000.0,960.0,10.1,0.77,0.2842857142857143,0.19,6.757142857142858,71.0,0.0,3121707.0,2022.0,1.0,0.0,0.0,14.0
0.0,0.0,0.0,0.0,14.3,8.0,8.57,8.09,500.0,20.0,10.0,8.4,2.2127142857142856,0.23,0.17,3.857142857142857,55.0,0.0,63997.0,2022.0,1.0,0.0,0.0,21.0
0.0,0.0,0.0,0.0,24.2,27.0,3.54,7.76,5000.0,400.0,850.0,13.1,0.049,0.33,0.21,7.4,12.0,0.0,63997.0,2022.0,0.0,0.0,1.0,22.0
0.0,1.0,0.0,0.0,25.5,19.0,0.3,7.3,54614.28571428572,22157.14285714286,1065.7142857142858,5.714285714285714,0.8,0.6528571428571429,0.3385714285714286,5.628571428571429,62.3,0.0,367554.0,2024.0,0.0,1.0,0.0,5.0
0.0,0.0,0.0,0.0,14.0,11.0,9.08,7.59,20000.0,7000.0,800.0,5.2,0.1,0.31,0.32,4.7,16.0,0.0,282281.0,2021.0,0.0,0.0,0.0,40.0
0.0,0.0,0.0,0.0,22.0,22.0,5.55,7.41,2400.0,1800.0,330.0,2.8,1.9,0.27,0.3557142857142857,3.8,13.0,0.0,633391.0,2023.0,0.0,1.0,0.0,24.0
0.0,0.0,0.0,0.0,24.7,27.0,8.57,8.17,100.0,5.0,6.0,6.2,0.61,0.21,0.18,2.1,14.0,0.0,63997.0,2021.0,0.0,1.0,0.0,21.0
0.0,0.0,0.0,0.0,13.6,8.0,12.84,10.02,1600.0,50.0,10.0,4.7,1.2227142857142856,0.4,0.37,5.4,90.0,0.0,63997.0,2022.0,1.0,0.0,0.0,20.0
0.0,0.0,0.0,0.0,17.0,14.0,2.28,7.6,420000.0,28000.0,1100.0,3.4,4.8,1.2,0.88,4.414285714285715,13.0,0.0,367554.0,2022.0,1.0,0.0,0.0,5.0
0.0,0.0,0.0,0.0,23.0,25.0,6.43,7.02,340.0,220.0,90.0,1.9,4.5685714285714285,0.17,0.1614285714285714,3.6142857142857134,202.0,0.0,446949.0,2024.0,0.0,0.0,1.0,38.0
0.0,0.0,0.0,0.0,16.0,13.0,5.4,7.174285714285714,62000.0,5800.0,2480.0,2.6,1.7,0.3,0.3314285714285714,3.4,12.0,0.0,171616.0,2023.0,0.0,1.0,0.0,27.0
0.0,0.0,0.0,0.0,16.0,7.0,11.05,8.301428571428572,210.0,80.0,90.0,5.9,0.15,0.36,0.21,3.7,31.0,0.0,63997.0,2022.0,0.0,1.0,0.0,20.0
0.0,0.0,0.0,0.0,18.06,16.0,10.39,8.085714285714285,360.0,330.0,100.0,8.5,0.66,0.31,0.31,5.9,25.0,0.0,358712.0,2022.0,0.0,1.0,0.0,11.0
0.0,0.0,0.0,0.0,13.5,13.0,2.17,6.92,76000.0,9.0,780.0,3.3,5.0,0.49,0.49,6.8,6.0,0.0,446949.0,2022.0,0.0,0.0,0.0,34.0
1.0,0.0,0.0,0.0,14.7,14.0,2.3,6.8,30000.0,10000.0,240.0,3.142857142857143,3.0,0.57,0.58,5.0,21.0,0.0,446949.0,2021.0,0.0,0.0,0.0,32.0
0.0,0.0,0.0,0.0,19.25714285714286,17.428571428571427,5.964285714285714,7.957142857142856,600.0,360.0,340.0,4.5,0.3,0.72,0.2142857142857142,2.6,40.0,0.0,63997.0,2023.0,0.0,1.0,0.0,20.0
0.0,0.0,0.0,0.0,13.5,11.0,9.4,7.5,20000.0,3000.0,900.0,5.7,0.3,0.32,0.31,4.0,24.0,0.0,282281.0,2021.0,0.0,0.0,0.0,41.0
0.0,0.0,0.0,0.0,16.0,17.0,9.37,8.01,88000.0,6000.0,1300.0,6.6,0.97,0.27,0.27,8.7,19.485714285714284,210.0,297282.0,2021.0,1.0,0.0,0.0,28.0
0.0,0.0,0.0,0.0,17.8,14.0,4.28,7.42,270000.0,6000.0,300.0,3.9,2.0,0.45,0.42,4.1,45.0,0.0,367554.0,2022.0,1.0,0.0,0.0,1.0
0.0,0.0,0.0,0.0,12.8,9.0,2.49,8.01,192000.0,60.0,24.0,2.0,22.0,1.2,1.2,18.0,58.02857142857143,0.0,63997.0,2022.0,0.0,0.0,0.0,22.0
0.0,0.0,0.0,0.0,16.1,13.0,5.14,6.93,20000.0,150.0,100.0,12.1,1.9028571428571428,0.43,0.41,4.3,37.0,0.0,633391.0,2022.0,1.0,0.0,0.0,25.0
0.0,0.0,0.0,0.0,23.5,28.0,8.84,7.59,3000.0,100.0,34.0,5.1,1.6,0.32,0.29,5.8,16.0,0.0,633391.0,2021.0,0.0,1.0,0.0,25.0
0.0,0.0,0.0,1.0,20.0,17.0,1.39,7.4,96000.0,44000.0,4200.0,10.8,5.7,0.77,0.73,5.2,2.5,0.0,297282.0,2022.0,1.0,0.0,0.0,29.0
0.0,0.0,0.0,0.0,15.03,14.0,3.09,7.23,120000.0,6.0,660.0,13.0,3.3,0.54,0.54,6.8,25.0,0.0,367554.0,2022.0,0.0,0.0,0.0,4.0
0.0,0.0,0.0,0.0,27.4,22.2,3.63,7.43,2700.0,2100.0,350.0,10.0,0.049,0.65,0.65,5.2,12.0,0.0,367554.0,2022.0,0.0,0.0,1.0,4.0
0.0,0.0,0.0,0.0,17.0,17.0,17.61,9.98,20000.0,1000.0,800.0,6.2,1.2057142857142855,0.52,0.43,18.0,60.0,0.0,358712.0,2022.0,1.0,0.0,0.0,13.0
0.0,0.0,0.0,0.0,20.228571428571428,12.0,8.48,8.085714285714285,178.0,1171.428571428571,9000.0,6.3,16.0,1.2,1.2,24.0,12.0,0.0,358712.0,2023.0,1.0,0.0,0.0,12.0
0.0,0.0,0.0,0.0,12.9,4.0,9.27,8.04,500.0,100.0,380.0,3.5,2.9,0.28,0.14,6.3,19.0,0.0,63997.0,2021.0,0.0,0.0,0.0,23.0
0.0,0.0,0.0,0.0,21.0,24.0,4.24,7.87,300.0,230.0,85.0,8.0,0.09,0.27,0.2271428571428571,3.9571428571428577,63.6,0.0,63997.0,2024.0,0.0,0.0,1.0,23.0
0.0,0.0,1.0,0.0,18.3,13.0,7.0,7.518571428571428,900.0,800.0,20.0,5.6,0.64,0.76,0.44,4.385714285714285,25.0,0.0,633391.0,2022.0,0.0,1.0,0.0,26.0
0.0,0.0,0.0,0.0,22.0,21.0,8.120000000000001,7.47,1400.0,1200.0,80.0,5.5,0.48,0.32,0.3,4.471428571428572,97.2,0.0,633391.0,2024.0,0.0,0.0,1.0,24.0
1.0,1.0,0.0,1.0,24.5,22.0,1.86,7.11,20000.0,8000.0,1940.0,3.1,6.9,1.5,0.96,4.128571428571428,13.0,0.0,446949.0,2021.0,0.0,0.0,1.0,35.0
0.0,0.0,0.0,0.0,15.18,13.0,1.2,7.48,12000.0,4600.0,1200.0,10.5,10.0,1.4,0.65,7.7,19.0,0.0,367554.0,2023.0,0.0,0.0,0.0,4.0
0.0,0.0,0.0,1.0,24.0,19.0,4.85,7.177142857142857,9000.0,6000.0,800.0,2.5,0.37,0.23,0.2971428571428571,5.0,139.0,0.0,171616.0,2024.0,0.0,0.0,1.0,27.0
0.0,0.0,0.0,0.0,18.6,16.0,5.47,6.8,40000.0,10000.0,110.0,3.9,2.781428571428571,0.33,0.29,5.442857142857143,65.0,0.0,446949.0,2022.0,1.0,0.0,0.0,32.0
0.0,0.0,0.0,0.0,22.0,12.857142857142858,5.48,7.55,100.0,100.0,35.0,6.1,0.52,0.15,0.2357142857142857,3.7,17.0,0.0,63997.0,2023.0,0.0,1.0,0.0,22.0
0.0,1.0,0.0,1.0,25.9,24.0,5.28,6.69,15000.0,3200.0,560.0,4.3,1.5,0.44,0.25,3.3,24.0,0.0,446949.0,2023.0,0.0,0.0,1.0,34.0
0.0,0.0,0.0,1.0,15.21,13.0,0.6,7.29,40000.0,10300.0,14000.0,11.0,9.1,0.55,0.53,3.557142857142857,16.0,0.0,258785.8571428572,2023.0,0.0,0.0,0.0,0.0
0.0,0.0,0.0,0.0,19.0,14.0,8.09,7.3,18819.28571428572,2681.428571428572,212.8571428571429,3.1,0.06,0.1,0.21,4.542857142857143,70.0,0.0,446949.0,2023.0,1.0,0.0,0.0,38.0
0.0,0.0,0.0,0.0,12.0,10.0,8.96,8.09,800.0,500.0,230.0,5.7,0.42,3.0,0.55,2.5,50.0,0.0,100930.0,2023.0,0.0,0.0,0.0,8.0
0.0,0.0,0.0,1.0,28.0,29.0,5.19,6.91,1200.0,350.0,550.0,2.1,0.23,0.23,0.12,3.614285714285714,45.0,0.0,446949.0,2023.0,0.0,0.0,1.0,39.0
1.0,1.0,0.0,0.0,25.4,23.3,2.25,6.56,1200.0,200.0,400.0,3.3,0.51,0.41,0.35,5.8,34.0,0.0,446949.0,2022.0,0.0,0.0,1.0,36.0
0.0,0.0,0.0,0.0,25.5,26.0,7.51,7.65,3000.0,2800.0,3000.0,6.2,0.54,0.64,0.94,5.485714285714286,120.0,11.428571428571429,358712.0,2021.0,0.0,0.0,1.0,11.0
0.0,0.0,0.0,0.0,11.01,17.0,10.01,6.37,100000.0,13.0,2.0,8.5,5.2,0.62,0.62,14.0,10.0,0.0,358712.0,2022.0,0.0,0.0,0.0,12.0
0.0,0.0,0.0,1.0,24.7,26.0,6.2,7.31,4000.0,100.0,100.0,7.1,0.39,1.6,0.43,5.071428571428571,45.0,31.428571428571427,282281.0,2021.0,0.0,0.0,1.0,40.0
1.0,0.0,0.0,1.0,12.0,15.0,9.88,7.66,420.0,420.0,1000.0,9.2,1.5,1.0,0.25,4.385714285714285,19.0,0.0,633391.0,2023.0,0.0,0.0,0.0,24.0
0.0,0.0,0.0,0.0,21.0,24.0,1.31,7.79,20000.0,14000.0,300.0,4.2,3.18,0.21,0.2742857142857143,19.0,52.5,0.0,63997.0,2024.0,0.0,0.0,1.0,22.0
0.0,0.0,0.0,0.0,16.0,13.0,5.4,7.177142857142857,3000.0,2700.0,500.0,13.9,10.0,0.95,0.37,2.0,19.0,0.0,171616.0,2023.0,0.0,0.0,0.0,27.0
0.0,0.0,0.0,0.0,23.4,21.0,4.49,6.76,400.0,100.0,220.0,1.9,0.1,0.21,0.19,1.9,39.0,0.0,446949.0,2022.0,0.0,0.0,1.0,39.0
0.0,0.0,0.0,0.0,23.8,20.785714285714285,7.9,7.6,3000.0,230.0,240.0,4.7,1.0214285714285714,0.33,0.31,5.2,10.0,0.0,3121707.0,2021.0,0.0,1.0,0.0,17.0
0.0,1.0,0.0,1.0,24.0,24.0,2.9,6.82,4000.0,400.0,20.0,2.6,0.85,0.59,0.29,4.371428571428571,33.0,0.0,446949.0,2021.0,0.0,0.0,1.0,33.0
0.0,0.0,0.0,0.0,18.0,12.0,5.95,7.32,3000.0,100.0,40.0,2.3,1.0,0.26,0.3,2.7,25.0,0.0,171616.0,2021.0,0.0,0.0,0.0,27.0
0.0,0.0,0.0,0.0,18.6,12.3,8.83,7.162857142857143,6600.0,6600.0,1500.0,3.7,1.0,0.47,0.3,5.271428571428572,19.0,0.0,282281.0,2022.0,0.0,1.0,0.0,40.0
0.0,0.0,0.0,0.0,14.8,12.8,3.7,7.04,60000.0,3000.0,100.0,2.1,2.2,0.73,0.63,4.8,11.0,0.0,367554.0,2021.0,0.0,0.0,0.0,2.0
0.0,0.0,1.0,0.0,18.0,12.0,6.08,7.32,4000.0,2.9,640.0,4.8,0.99,0.18,0.17,2.0,50.0,0.0,446949.0,2023.0,1.0,0.0,0.0,33.0
0.0,0.0,0.0,1.0,26.8,25.0,5.94,6.96,1000.0,400.0,1.5,5.2,0.25,0.16,0.11,2.1,24.0,0.0,446949.0,2023.0,0.0,0.0,1.0,36.0
0.0,0.0,0.0,0.0,17.5,14.0,6.37,7.474285714285713,150000.0,65000.0,18000.0,12.7,1.4,0.29,0.28,2.8,21.0,0.0,297282.0,2023.0,0.0,0.0,0.0,29.0
0.0,0.0,0.0,0.0,18.5,14.0,6.6,7.324285714285714,1000.0,800.0,20.0,3.3,2.5,0.55,0.54,3.528571428571429,18.0,0.0,367554.0,2022.0,0.0,1.0,0.0,2.0
0.0,0.0,0.0,0.0,25.8,24.6,8.12,7.24,8300.0,900.0,360.0,4.9,1.1,0.34,0.3,3.2,6.0,67.14285714285714,282281.0,2021.0,0.0,1.0,0.0,42.0
0.0,0.0,0.0,0.0,12.0,14.0,7.328571428571428,8.27,50000.0,16.0,3.0,4.1,12.0,1.2,1.2,12.0,135.92857142857142,0.0,100930.0,2022.0,0.0,0.0,0.0,7.0
0.0,0.0,0.0,1.0,15.2,11.0,5.97,7.13,23000.0,19000.0,3000.0,15.2,2.9,2.0,0.46,3.8,45.0,0.0,446949.0,2023.0,0.0,0.0,0.0,32.0
0.0,0.0,0.0,0.0,7.0,10.0,9.1,8.47,600.0,230.0,260.0,6.1,0.11,0.25,0.21,4.028571428571428,70.0,0.0,100930.0,2022.0,1.0,0.0,0.0,9.0
0.0,0.0,0.0,0.0,18.3,13.0,7.85,7.02,2500.0,300.0,50.0,3.9,5.055714285714286,0.1,0.1,4.514285714285714,50.0,0.0,446949.0,2022.0,1.0,0.0,0.0,38.0
0.0,0.0,0.0,0.0,14.7,12.8,5.83,7.21,400.0,200.0,27.0,2.3,2.7,0.63,0.63,6.5,21.0,0.0,367554.0,2021.0,0.0,0.0,0.0,3.0
0.0,0.0,0.0,0.0,13.5,10.0,7.74,7.11,170.0,150.0,170.0,2.5,0.25,0.14,0.1614285714285714,3.6142857142857134,39.0,0.0,446949.0,2023.0,0.0,0.0,0.0,39.0
0.0,0.0,0.0,1.0,25.6,27.0,3.91,6.96,4000.0,1000.0,330.0,6.5,0.4,0.92,0.37,4.1,60.0,0.0,446949.0,2021.0,0.0,0.0,1.0,31.0
0.0,0.0,0.0,1.0,14.0,11.0,6.99,7.5,5000.0,2800.0,40.0,4.3,3.0,0.53,0.53,4.0,24.8,95.0,633391.0,2021.0,1.0,0.0,0.0,25.0
0.0,0.0,0.0,0.0,13.0,12.5,11.82,8.8,1000.0,100.0,300.0,3.5,0.7,0.22,0.2,7.7,12.0,0.0,358712.0,2021.0,0.0,0.0,0.0,11.0
0.0,0.0,0.0,0.0,20.0,19.0,7.3,8.0,34885.71428571428,14745.142857142857,1424.7142857142858,4.1,2.3,0.7028571428571428,0.6942857142857142,5.071428571428571,122.0,0.0,100930.0,2024.0,0.0,1.0,0.0,7.0
0.0,0.0,0.0,0.0,26.0,23.0,9.58,9.01,1100.0,300.0,1500.0,4.0,0.08,0.57,0.58,7.2,85.0,0.0,358712.0,2022.0,0.0,0.0,1.0,13.0
0.0,1.0,0.0,0.0,24.6,23.3,2.94,6.59,1800.0,200.0,580.0,6.5,0.05,0.59,0.54,1.9,17.0,0.0,446949.0,2022.0,0.0,0.0,1.0,32.0
0.0,0.0,1.0,1.0,23.6,24.2,7.0,7.14,28000.0,300.0,500.0,6.1,0.6,0.32,0.3,2.1,7.1,0.0,282281.0,2021.0,0.0,1.0,0.0,41.0
0.0,0.0,0.0,0.0,18.0,12.0,6.16,7.33,5.0,3.0,200.0,4.2,0.86,0.21,0.2,3.6142857142857134,45.0,0.0,446949.0,2023.0,1.0,0.0,0.0,32.0
0.0,0.0,0.0,0.0,25.5,26.0,4.07,6.92,5000.0,4500.0,350.0,6.7,0.66,0.83,0.32,5.142857142857144,29.0,67.14285714285714,282281.0,2021.0,0.0,0.0,1.0,42.0
0.0,0.0,0.0,1.0,19.0,15.0,5.24,7.48,49857.142857142855,4400.714285714285,912.8571428571428,8.5,0.52,0.25,0.24,4.2,37.0,0.0,367554.0,2023.0,1.0,0.0,0.0,2.0
0.0,0.0,0.0,0.0,18.5,16.0,7.85,7.32,2200.0,50.0,50.0,2.6,5.055714285714286,0.13,0.11,4.328571428571429,65.0,0.0,446949.0,2022.0,1.0,0.0,0.0,39.0
0.0,1.0,0.0,0.0,25.7,26.0,4.31,7.4,3571.428571428572,1014.2857142857144,425.7142857142857,3.9,0.21,1.1,0.27,3.7,31.0,0.0,446949.0,2021.0,0.0,0.0,1.0,36.0
0.0,0.0,0.0,0.0,12.0,15.0,9.3,7.4,450.0,450.0,640.0,8.9,1.9,3.1,0.3,4.385714285714285,22.0,0.0,633391.0,2023.0,0.0,0.0,0.0,25.0
0.0,0.0,0.0,0.0,18.0,17.0,3.29,7.42,15000.0,12000.0,2000.0,22.1,5.0,0.51,0.51,4.3,23.485714285714288,6.9,297282.0,2021.0,1.0,0.0,0.0,29.0
0.0,0.0,0.0,1.0,25.7,26.0,4.7,6.66,5000.0,4000.0,820.0,5.6,0.7,1.2,0.33,5.257142857142858,29.0,67.14285714285714,282281.0,2021.0,0.0,0.0,1.0,41.0
1.0,0.0,0.0,1.0,14.3,14.0,5.77,7.16,27000.0,430.0,100.0,7.7,3.8,0.57,0.46,11.0,17.0,0.0,633391.0,2022.0,0.0,0.0,0.0,25.0
0.0,1.0,0.0,1.0,22.6,23.0,8.5,8.3,3583.1428571428573,448.57142857142856,101.14285714285714,6.1,0.1,0.3657142857142857,0.4228571428571429,6.214285714285714,5.3,0.0,633391.0,2024.0,0.0,1.0,0.0,24.0
0.0,0.0,0.0,0.0,17.0,14.0,4.07,7.27,80000.0,5000.0,2800.0,21.0,1.6,0.41,0.45,4.1,9.0,30.0,297282.0,2021.0,0.0,0.0,0.0,29.0
0.0,0.0,0.0,0.0,20.97142857142857,21.0,4.302857142857143,7.874285714285714,10000.0,400.0,410.0,3.3,0.24,0.5,0.2685714285714285,4.1,32.0,0.0,63997.0,2023.0,0.0,1.0,0.0,18.0
1.0,1.0,0.0,1.0,23.0,27.0,0.82,7.19,30000.0,5000.0,1340.0,3.142857142857143,9.7,1.1,1.3,12.0,13.0,0.0,446949.0,2021.0,0.0,1.0,0.0,35.0
0.0,0.0,0.0,0.0,20.0,17.0,7.4,7.84,5000.0,200.0,1100.0,2.2,0.45,0.44,0.68,4.371428571428571,130.0,0.0,100930.0,2022.0,0.0,0.0,1.0,9.0
0.0,0.0,0.0,0.0,26.1,20.785714285714285,4.8,7.4,1800.0,1300.0,10.0,4.6,1.2,0.24,0.2,8.014285714285714,22.0,0.0,3121707.0,2022.0,0.0,0.0,1.0,14.0
0.0,0.0,0.0,0.0,17.0,14.0,5.56,7.3,90000.0,4200.0,1500.0,5.1,0.98,0.26,0.24,6.557142857142857,50.0,0.0,171616.0,2022.0,1.0,0.0,0.0,27.0
0.0,0.0,0.0,0.0,24.2,26.0,4.99,7.36,1000.0,200.0,120.0,3.6,0.63,0.28,0.22,3.5,23.0,0.0,367554.0,2023.0,0.0,0.0,1.0,2.0
0.0,0.0,0.0,0.0,22.542857142857144,23.0,6.295714285714285,7.252857142857144,3000.0,700.0,350.0,9.1,0.41,0.23,0.2,5.071428571428571,27.0,0.0,282281.0,2022.0,1.0,0.0,0.0,42.0
0.0,0.0,0.0,0.0,17.0,15.0,12.62,9.38,700.0,130.0,15.0,6.1,0.09,0.23,0.18,3.2,27.0,0.0,63997.0,2023.0,1.0,0.0,0.0,20.0
0.0,0.0,0.0,0.0,19.4,15.1,9.91,7.100000000000001,2100.0,1700.0,310.0,4.2,0.72,0.28,0.27,4.942857142857143,28.0,0.0,282281.0,2022.0,0.0,1.0,0.0,42.0
0.0,0.0,0.0,1.0,26.1,25.0,5.02,6.82,6000.0,500.0,220.0,3.9,0.56,0.23,0.17,2.2,28.0,0.0,446949.0,2023.0,0.0,0.0,1.0,33.0
0.0,0.0,0.0,0.0,15.6,17.0,9.48,7.25,560.0,930.0,730.0,3.7,0.1,0.3157142857142858,0.1714285714285714,3.571428571428572,23.0,0.0,446949.0,2022.0,0.0,0.0,0.0,38.0
0.0,0.0,0.0,0.0,14.5,13.0,2.54,6.8,10000.0,2000.0,150.0,2.357142857142857,4.7,0.48,0.57,6.8,22.0,6.428571428571429,446949.0,2021.0,0.0,0.0,0.0,36.0
0.0,0.0,0.0,0.0,18.0,15.0,5.22,7.33,44385.71428571428,21642.85714285714,1041.428571428571,5.8,0.73,0.25,0.24,5.971428571428571,50.0,0.0,367554.0,2023.0,1.0,0.0,0.0,1.0
0.0,0.0,0.0,0.0,13.0,10.0,8.14,8.14,4000.0,110.0,113.0,14.4,0.33,0.26,0.26,6.5,18.0,0.0,63997.0,2022.0,0.0,0.0,0.0,21.0
0.0,0.0,0.0,0.0,21.0,24.0,4.15,6.61,400.0,200.0,360.0,2.5285714285714285,0.6,0.1,0.2228571428571428,3.6142857142857134,33.0,0.0,446949.0,2023.0,0.0,1.0,0.0,38.0
0.0,0.0,0.0,0.0,13.9,10.0,10.88,8.52,2400.0,370.0,140.0,13.2,5.6,0.95,0.95,9.3,16.0,0.0,63997.0,2022.0,0.0,0.0,0.0,20.0
1.0,1.0,1.0,0.0,14.4,8.0,4.88,6.76,14000.0,2000.0,690.0,2.1,2.5,0.43,0.37,2.9,16.0,0.0,446949.0,2021.0,0.0,0.0,0.0,37.0
0.0,0.0,0.0,1.0,23.0,22.0,4.88,7.06,22000.0,14000.0,16000.0,5.3,1.3,0.22,0.3785714285714286,2.3,6.1,0.0,282281.0,2023.0,0.0,1.0,0.0,41.0
0.0,0.0,0.0,0.0,21.0,18.142857142857142,0.2,7.58,41000.0,38000.0,5600.0,6.5,0.96,0.72,0.3557142857142857,5.3,17.0,0.0,63997.0,2023.0,0.0,1.0,0.0,23.0
0.0,0.0,0.0,1.0,20.0,14.0,8.22,8.3,800.0,800.0,360.0,4.1,0.39,0.21,0.5342857142857144,3.2,110.0,0.0,100930.0,2023.0,0.0,1.0,0.0,8.0
0.0,0.0,0.0,0.0,28.0,27.0,6.5,6.0,1700.0,1000.0,60.0,4.3,0.51,0.46,0.19,3.1,20.0,0.0,297282.0,2023.0,0.0,0.0,1.0,28.0
1.0,1.0,1.0,1.0,15.3,11.0,5.36,7.13,4000.0,3600.0,1500.0,18.6,4.0,1.3,0.53,4.3,29.0,0.0,446949.0,2023.0,0.0,0.0,0.0,34.0
0.0,0.0,0.0,0.0,12.9,13.0,8.57,8.01,400.0,100.0,200.0,10.6,1.2,0.42,0.26,2.7,28.0,0.0,63997.0,2023.0,0.0,0.0,0.0,21.0
0.0,0.0,0.0,0.0,20.785714285714285,22.0,4.668571428571428,7.331428571428572,68000.0,7000.0,730.0,8.6,0.87,0.23,0.2,3.3,33.0,0.0,282281.0,2022.0,1.0,0.0,0.0,41.0
0.0,0.0,0.0,0.0,21.428571428571427,22.0,4.612857142857143,7.665714285714285,170000.0,10000.0,1500.0,8.0,0.49,0.24,0.2,2.4,45.0,0.0,282281.0,2022.0,1.0,0.0,0.0,40.0
0.0,0.0,0.0,0.0,23.0,24.0,6.02,6.89,4600.0,4100.0,500.0,1.9,0.65,0.31,0.3485714285714286,4.0,154.0,0.0,446949.0,2024.0,0.0,0.0,1.0,32.0
0.0,0.0,0.0,0.0,25.6,20.785714285714285,8.4,7.8,850.0,850.0,300.0,4.928571428571429,1.4857142857142855,0.33,0.23,17.0,66.0,0.0,3121707.0,2023.0,0.0,0.0,1.0,17.0
0.0,0.0,0.0,0.0,15.1,13.0,4.87,7.05,40000.0,20000.0,1500.0,2.9,4.5,0.5,0.5,7.5,34.142857142857146,110.0,446949.0,2021.0,1.0,0.0,0.0,33.0
0.0,0.0,0.0,0.0,20.0,17.0,6.99,7.75,6000.0,100.0,7500.0,1.9,0.18,0.54,0.85,2.4,110.0,0.0,100930.0,2022.0,0.0,0.0,1.0,8.0
0.0,0.0,0.0,0.0,15.1,13.0,0.96,7.5,2000.0,2000.0,1000.0,11.7,8.2,2.1,0.56,4.7,14.0,0.0,367554.0,2023.0,0.0,0.0,0.0,2.0
0.0,0.0,0.0,0.0,18.0,22.0,5.16,7.305714285714285,5800.0,4200.0,500.0,6.9,0.94,0.2,0.19,4.4,13.0,0.0,297282.0,2023.0,1.0,0.0,0.0,30.0
0.0,0.0,0.0,0.0,12.0,13.0,9.41,8.67,300.0,300.0,150.0,6.6,0.56,0.56,0.55,2.3,75.0,0.0,100930.0,2023.0,0.0,0.0,0.0,9.0
0.0,0.0,0.0,0.0,23.0,21.0,8.14,7.0,5300.0,4500.0,540.0,6.8,0.16,0.17,0.4057142857142857,3.0,20.9,0.0,297282.0,2024.0,0.0,0.0,1.0,30.0
0.0,0.0,0.0,0.0,17.0,15.0,7.43,7.88,200.0,120.0,40.0,11.6,0.23,0.16,0.15,3.7,27.0,0.0,63997.0,2023.0,1.0,0.0,0.0,23.0
0.0,0.0,0.0,0.0,23.0,22.0,10.6,8.2,1200.0,100.0,20.0,6.0,0.049,0.4,0.39,1.9,26.0,0.0,633391.0,2022.0,0.0,0.0,1.0,24.0
0.0,0.0,0.0,0.0,21.7,19.0,8.8,8.5,34671.42857142857,14716.57142857143,1410.428571428571,3.9,0.2,0.7442857142857144,0.6942857142857143,5.071428571428571,199.0,0.0,100930.0,2024.0,0.0,1.0,0.0,6.0
0.0,0.0,0.0,1.0,14.53,13.0,2.64,7.53,800.0,800.0,400.0,13.9,8.9,1.4,0.32,2.3,12.0,0.0,367554.0,2023.0,0.0,0.0,0.0,3.0
0.0,0.0,0.0,0.0,17.8,14.0,4.78,7.47,80000.0,5000.0,850.0,4.3,1.7,0.52,0.43,4.2,75.0,0.0,367554.0,2022.0,1.0,0.0,0.0,4.0
0.0,0.0,0.0,0.0,12.8,8.0,8.2,6.89,5300.0,400.0,90.0,3.0,0.98,0.19,0.2242857142857142,5.8,26.714285714285715,140.0,446949.0,2021.0,1.0,0.0,0.0,39.0
0.0,0.0,0.0,0.0,15.04,11.0,11.02,8.085714285714285,1600.0,1600.0,320.0,7.2,0.45,0.88,0.28,5.9,37.0,0.0,358712.0,2022.0,0.0,1.0,0.0,12.0
0.0,0.0,0.0,1.0,19.6,16.0,7.73,7.03,1000.0,200.0,50.0,7.7,5.152857142857143,0.17,0.1,3.4,60.0,0.0,446949.0,2022.0,1.0,0.0,0.0,31.0
0.0,0.0,0.0,0.0,17.1,5.0,8.98,8.301428571428572,130.0,30.0,45.0,6.1,0.4,0.24,0.24,3.7,39.0,0.0,63997.0,2022.0,0.0,1.0,0.0,23.0
1.0,0.0,1.0,0.0,24.8,22.0,2.95,6.81,8000.0,2200.0,800.0,3.2,2.3,0.89,0.44,2.3,50.0,6.428571428571429,446949.0,2021.0,0.0,0.0,1.0,34.0
1.0,1.0,0.0,0.0,15.3,12.0,4.25,6.74,120000.0,48000.0,4600.0,2.8,4.5,0.55,0.55,6.5,36.285714285714285,85.0,446949.0,2021.0,1.0,0.0,0.0,35.0
0.0,0.0,0.0,0.0,22.88571428571429,12.0,5.171428571428572,8.032857142857143,1400.0,1000.0,1160.0,7.3,0.87,0.44,0.43,3.6,75.0,0.0,63997.0,2023.0,0.0,0.0,0.0,18.0
0.0,0.0,0.0,0.0,17.2,6.0,8.38,8.301428571428572,95.0,35.0,50.0,5.7,0.41,0.29,0.23,3.7,26.0,0.0,63997.0,2022.0,0.0,1.0,0.0,21.0
0.0,0.0,0.0,1.0,23.0,25.0,2.01,6.67,19000.0,18000.0,5700.0,2.3,2.6,0.44,0.4514285714285714,4.7,8.7,0.0,446949.0,2023.0,0.0,1.0,0.0,34.0
0.0,0.0,0.0,1.0,16.0,22.0,8.7,6.63,600.0,500.0,50.0,9.0,1.4,0.2,0.3428571428571428,7.2,9.3,0.0,358712.0,2023.0,0.0,1.0,0.0,12.0
1.0,1.0,0.0,1.0,25.1,28.0,2.35,6.82,4000.0,2500.0,2000.0,3.1,2.424285714285714,1.3,0.51,3.7,31.0,0.0,446949.0,2021.0,0.0,0.0,1.0,37.0
0.0,1.0,0.0,0.0,24.5,21.0,6.3,6.48,1000.0,200.0,1200.0,3.1,0.049,0.17,0.16,5.5,90.0,0.0,446949.0,2022.0,0.0,0.0,1.0,38.0
1.0,1.0,0.0,1.0,29.4,29.0,3.45,6.83,21000.0,7200.0,1.19,3.4,4.6,0.52,0.48,3.5,6.0,0.0,446949.0,2023.0,0.0,0.0,1.0,37.0
1.0,1.0,1.0,1.0,24.6,24.0,1.21,7.12,20000.0,18000.0,4600.0,2.8,6.0,0.68,0.56,6.3,17.0,0.0,446949.0,2021.0,0.0,0.0,1.0,32.0
0.0,0.0,0.0,0.0,17.0,23.0,6.767142857142858,6.75,2.0,400.0,60.0,10.0,0.78,0.3,0.29,4.385714285714285,17.0,0.0,633391.0,2023.0,1.0,0.0,0.0,26.0
0.0,0.0,0.0,0.0,22.0,23.0,2.97,6.81,15000.0,13000.0,1000.0,1.8,0.95,0.29,0.4542857142857143,5.0,147.0,0.0,446949.0,2024.0,0.0,0.0,1.0,34.0
0.0,0.0,0.0,0.0,14.6,9.0,10.08,6.88,1000.0,600.0,100.0,2.1,0.3,0.6971428571428572,0.2328571428571428,3.6142857142857134,22.0,0.0,446949.0,2021.0,0.0,0.0,0.0,38.0
0.0,0.0,0.0,0.0,17.0,23.0,8.532857142857143,7.15,2000.0,350.0,40.0,3.0,0.33,0.15,0.14,4.085714285714286,60.0,0.0,633391.0,2023.0,1.0,0.0,0.0,24.0
0.0,0.0,0.0,0.0,23.5,26.0,9.05,7.87,2250.0,500.0,185.0,4.1,0.15,0.58,0.59,6.0,50.0,0.0,358712.0,2021.0,0.0,0.0,1.0,13.0
0.0,0.0,0.0,0.0,20.02857142857143,15.857142857142858,4.388571428571429,7.729999999999999,34271.42857142857,6200.0,958.5714285714286,1.2,5.01,0.4442857142857143,0.3228571428571428,7.128571428571428,18.0,0.0,63997.0,2024.0,0.0,1.0,0.0,18.0
0.0,0.0,0.0,0.0,14.2,12.0,11.48,8.95,400.0,30.0,10.0,6.4,0.26,0.26,0.26,2.1,28.228571428571428,45.0,63997.0,2021.0,1.0,0.0,0.0,21.0
1.0,1.0,0.0,0.0,16.5,15.0,1.13,7.12,240000.0,90.0,9.0,2.4857142857142853,9.3,0.86,0.86,14.0,26.714285714285715,0.0,446949.0,2022.0,0.0,0.0,0.0,37.0
0.0,0.0,0.0,0.0,15.0,11.0,7.58,7.42,7000.0,2000.0,10.0,4.4,0.82,0.73,0.73,7.0,25.514285714285712,70.0,633391.0,2021.0,1.0,0.0,0.0,26.0
0.0,0.0,0.0,0.0,15.3,13.0,9.97,7.61,170000.0,110.0,180.0,11.3,0.41,0.49,0.4,9.4,38.0,0.0,633391.0,2022.0,1.0,0.0,0.0,26.0
0.0,0.0,0.0,1.0,10.0,12.0,6.8585714285714285,8.114285714285716,1800.0,1500.0,500.0,5.2,0.55,0.27,0.27,3.3714285714285714,90.0,0.0,100930.0,2022.0,0.0,1.0,0.0,9.0
0.0,0.0,0.0,0.0,28.7,30.0,8.53,6.95,5200.0,4500.0,110.0,5.5,0.5,0.3,0.28,2.5,24.0,0.0,297282.0,2023.0,0.0,0.0,1.0,30.0
0.0,0.0,0.0,0.0,25.8,25.2,9.29,8.83,3800.0,1600.0,1100.0,6.5,1.9,0.8,0.69,14.0,13.0,0.0,367554.0,2022.0,0.0,0.0,1.0,3.0
0.0,0.0,0.0,0.0,26.1,16.428571428571427,3.95,6.86,9000.0,5000.0,800.0,5.2,0.59,2.5,0.3757142857142857,6.0,45.0,0.0,367554.0,2021.0,0.0,0.0,1.0,4.0
1.0,1.0,1.0,1.0,10.0,19.0,5.79,7.71,140000.0,12000.0,4596.285714285715,3.2142857142857144,14.0,1.6,1.5,11.0,7.0,0.0,100930.0,2021.0,0.0,1.0,0.0,10.0
0.0,0.0,0.0,0.0,7.0,8.0,10.7,9.19,4200.0,80.0,240.0,3.314285714285714,0.7,0.45,0.22,7.3,75.0,0.0,100930.0,2021.0,0.0,0.0,0.0,8.0
0.0,0.0,0.0,0.0,18.5,14.0,6.1,7.324285714285714,6000.0,6000.0,100.0,3.3,1.3,0.6614285714285714,0.4,4.914285714285716,15.0,0.0,367554.0,2022.0,0.0,1.0,0.0,5.0
0.0,0.0,0.0,0.0,22.4,24.2,7.21,7.17,8000.0,3000.0,300.0,5.2,1.1957142857142855,0.28,0.26,2.2,9.3,35.714285714285715,282281.0,2021.0,0.0,1.0,0.0,40.0
0.0,0.0,0.0,1.0,21.0,25.0,2.98,6.49,1000.0,400.0,900.0,2.371428571428571,1.0,0.14,0.2557142857142857,3.9142857142857146,24.0,0.0,446949.0,2023.0,0.0,1.0,0.0,33.0
0.0,0.0,0.0,0.0,25.2,20.785714285714285,6.4,7.3,1300.0,1300.0,780.0,4.928571428571429,0.6,0.35,0.21,8.27142857142857,50.0,0.0,3121707.0,2023.0,0.0,0.0,1.0,15.0
0.0,0.0,0.0,0.0,24.7,27.0,7.17,8.11,750.0,300.0,130.0,6.3,0.049,0.35,0.24,1.9,34.0,0.0,63997.0,2022.0,0.0,0.0,1.0,21.0
0.0,0.0,0.0,1.0,28.0,28.0,3.6,7.67,40000.0,37000.0,4800.0,2.8,4.2,0.86,0.53,4.8,5.2,0.0,297282.0,2021.0,0.0,0.0,1.0,29.0
0.0,0.0,0.0,0.0,26.1,27.5,4.7,7.4,25000.0,3800.0,370.0,5.114285714285714,1.2,0.64,0.3042857142857142,6.757142857142858,59.0,0.0,3121707.0,2021.0,0.0,0.0,1.0,15.0
0.0,0.0,0.0,1.0,18.6,13.0,7.38,7.399999999999999,120.0,80.0,20.0,5.1,0.71,0.49,0.31,4.385714285714285,20.0,0.0,633391.0,2022.0,0.0,1.0,0.0,25.0
0.0,0.0,0.0,0.0,19.0,20.0,5.85,7.177142857142857,5000.0,1400.0,300.0,6.2,0.62,0.21,0.2,3.957142857142857,40.0,0.0,171616.0,2023.0,1.0,0.0,0.0,27.0
0.0,0.0,0.0,1.0,23.0,22.0,6.95,6.64,3000.0,2000.0,900.0,5.8,0.77,0.2,0.3442857142857143,2.1,13.0,0.0,282281.0,2023.0,0.0,1.0,0.0,42.0
0.0,0.0,0.0,1.0,10.0,12.0,6.930000000000001,8.198571428571428,800.0,600.0,400.0,6.9,0.38,0.24,0.24,3.2,23.0,0.0,100930.0,2022.0,0.0,1.0,0.0,7.0
0.0,0.0,0.0,0.0,13.0,18.0,15.2,9.66,20000.0,1000.0,500.0,4.3,0.08,0.22,0.22,3.0,40.0,65.0,358712.0,2021.0,1.0,0.0,0.0,12.0
0.0,0.0,0.0,0.0,22.0,21.0,8.12,7.48,800.0,600.0,60.0,7.6,0.77,0.44,0.3071428571428571,5.0,64.5,0.0,633391.0,2024.0,0.0,0.0,1.0,25.0
0.0,0.0,0.0,1.0,26.0,24.0,6.59,7.24,600.0,100.0,130.0,3.9,5.01,0.26,0.21,3.6142857142857134,29.0,0.0,446949.0,2023.0,0.0,0.0,1.0,31.0
0.0,0.0,0.0,0.0,14.6,19.071428571428573,7.0,7.6,90000.0,30.0,2.0,13.7,2.9,0.2842857142857143,0.4,6.828571428571428,54.0,0.0,3121707.0,2022.0,0.0,0.0,0.0,15.0
0.0,0.0,0.0,1.0,17.4,13.0,5.05,6.74,30000.0,2300.0,300.0,8.3,0.26,0.33,0.3,2.8,60.0,0.0,446949.0,2022.0,1.0,0.0,0.0,37.0
0.0,0.0,0.0,0.0,21.0,19.0,3.3,7.0,6500.0,6600.0,1500.0,6.3,7.1,0.86,0.86,4.4,9.3,0.0,297282.0,2022.0,0.0,1.0,0.0,29.0
0.0,0.0,0.0,0.0,17.0,15.0,5.57,6.85,6.8,3.7,50.0,9.3,0.89,0.22,0.21,4.942857142857143,14.0,0.0,282281.0,2023.0,1.0,0.0,0.0,40.0
0.0,0.0,0.0,0.0,25.5,16.428571428571427,3.22,6.87,10000.0,3200.0,600.0,4.0,1.6,0.98,0.46,6.4,32.0,0.0,367554.0,2021.0,0.0,0.0,1.0,2.0
0.0,0.0,0.0,0.0,18.4,17.0,8.2,7.337142857142857,6500.0,6200.0,4000.0,4.9,1.0,0.33,0.33,4.4,29.0,0.0,297282.0,2022.0,0.0,1.0,0.0,30.0
0.0,0.0,0.0,1.0,22.0,22.0,8.4,8.29,23000.0,20000.0,4000.0,6.2,0.99,0.7,0.5714285714285714,10.0,56.2,0.0,100930.0,2024.0,0.0,0.0,1.0,7.0
0.0,0.0,0.0,0.0,15.0,16.0,9.44,7.99,2500.0,2000.0,100.0,6.2,0.82,0.36,0.36,13.0,23.77142857142857,340.0,297282.0,2021.0,1.0,0.0,0.0,30.0
0.0,0.0,0.0,0.0,14.5,8.0,5.71,7.52,20000.0,1100.0,1540.0,21.9,1.7855714285714284,0.34,0.3,10.0,24.0,0.0,63997.0,2022.0,1.0,0.0,0.0,22.0
0.0,0.0,0.0,1.0,25.5,28.0,6.79,6.6,2000.0,1200.0,320.0,7.3,0.44,0.27,0.23,3.0,15.0,0.0,282281.0,2023.0,0.0,0.0,1.0,41.0
0.0,0.0,0.0,0.0,20.942857142857143,25.0,6.092857142857143,7.878571428571428,6835.714285714285,3430.0,841.4285714285714,5.6,0.049,0.33,0.32,3.1,45.0,0.0,63997.0,2022.0,0.0,0.0,1.0,19.0
0.0,0.0,0.0,1.0,21.0,24.0,2.94,6.5,300.0,260.0,400.0,2.5285714285714285,0.47,0.13,0.2371428571428571,3.571428571428572,23.0,0.0,446949.0,2023.0,0.0,1.0,0.0,39.0
0.0,0.0,0.0,0.0,20.0,18.0,6.03,7.3,3500.0,200.0,1800.0,1.9,0.23,1.4,0.44,5.4,18.0,0.0,100930.0,2022.0,0.0,0.0,1.0,6.0
0.0,0.0,0.0,0.0,26.0,32.5,5.9,7.3,5000.0,2000.0,450.0,9.0,0.6,0.36,0.32,3.1,9.4,0.0,297282.0,2021.0,0.0,1.0,0.0,29.0
0.0,0.0,0.0,0.0,18.6,12.0,7.21,7.024285714285715,1060.0,850.0,620.0,2.6,0.12,0.36,0.19,4.128571428571428,35.0,0.0,446949.0,2022.0,0.0,1.0,0.0,39.0
0.0,0.0,0.0,0.0,20.0,16.0,7.340000000000002,8.429999999999998,2600.0,200.0,10.0,13.3,0.88,0.35,0.27,9.4,16.0,0.0,63997.0,2022.0,0.0,0.0,0.0,19.0
0.0,0.0,0.0,0.0,23.8,20.0,8.27,7.98,2200.0,50.0,30.0,7.0,0.16,1.1,0.41,3.1,39.0,0.0,63997.0,2021.0,0.0,0.0,1.0,20.0
0.0,0.0,0.0,0.0,26.0,26.0,11.52,8.94,190000.0,20000.0,500.0,5.4,0.34,0.47,0.19,13.0,50.0,0.0,358712.0,2021.0,0.0,1.0,0.0,13.0
0.0,0.0,0.0,0.0,11.0,19.0,7.58,8.21,110.0,290.0,15.0,4.1,0.41,0.31,0.27,2.5,70.0,0.0,100930.0,2021.0,0.0,1.0,0.0,9.0
0.0,0.0,0.0,0.0,12.7,13.0,8.18,7.09,3000.0,100.0,580.0,2.6,0.28,0.13,0.13,3.571428571428572,32.0,0.0,446949.0,2022.0,0.0,0.0,0.0,33.0
0.0,0.0,0.0,0.0,12.2,10.0,6.33,8.7,600.0,600.0,360.0,10.5,3.2,1.7,1.1,4.0,90.0,0.0,100930.0,2023.0,0.0,0.0,0.0,6.0
0.0,0.0,0.0,0.0,15.1,15.2,11.82,8.37,58000.0,500.0,80.0,12.2,1.5,0.36,0.36,9.0,14.0,0.0,358712.0,2022.0,0.0,0.0,0.0,13.0
0.0,0.0,0.0,0.0,23.0,22.0,8.16,8.08,95000.0,76000.0,1500.0,4.6,1.43,0.76,0.6542857142857141,7.371428571428571,72.0,0.0,100930.0,2024.0,0.0,0.0,1.0,6.0
0.0,0.0,0.0,0.0,7.0,9.0,9.99,9.22,300.0,20.0,20.0,3.928571428571429,1.3,0.33,0.23,5.0,75.0,0.0,100930.0,2021.0,0.0,0.0,0.0,8.0
0.0,0.0,0.0,1.0,16.3,11.0,8.53,7.27,240.0,200.0,300.0,4.2,0.19,0.57,0.1742857142857143,3.6142857142857134,38.0,0.0,446949.0,2023.0,0.0,0.0,0.0,31.0
0.0,0.0,0.0,0.0,15.6,8.0,7.75,7.99,1600.0,200.0,45.0,13.2,1.2227142857142856,0.23,0.18,2.3,55.0,0.0,63997.0,2022.0,1.0,0.0,0.0,23.0
0.0,0.0,0.0,0.0,21.5,15.0,8.3,7.052857142857143,160.0,100.0,160.0,3.4,0.1,0.7171428571428571,0.1614285714285714,3.6142857142857134,30.0,0.0,446949.0,2022.0,0.0,1.0,0.0,31.0
0.0,0.0,0.0,0.0,16.0,22.0,8.12,6.97,800.0,540.0,140.0,3.8,0.8684285714285712,0.24,0.3071428571428571,7.3,11.0,0.0,633391.0,2023.0,0.0,1.0,0.0,26.0
0.0,0.0,0.0,0.0,19.2,12.0,6.91,7.072857142857143,830.0,820.0,640.0,2.5,0.1,0.19,0.16,3.5714285714285707,29.0,0.0,446949.0,2022.0,0.0,1.0,0.0,38.0
0.0,0.0,0.0,0.0,17.1,14.0,7.06,8.0,1300.0,1000.0,120.0,3.6,1.6,0.67,0.52,3.3714285714285714,21.0,0.0,367554.0,2022.0,0.0,1.0,0.0,3.0
0.0,0.0,0.0,0.0,13.1,11.3,5.14,6.74,38000.0,11000.0,3500.0,16.7,1.9,0.77,0.36,4.0,15.0,0.0,282281.0,2023.0,0.0,0.0,0.0,40.0
0.0,0.0,0.0,0.0,24.0,32.0,6.12,6.96,5000.0,2000.0,40.0,4.0,0.44,0.4214285714285714,0.1,3.842857142857144,33.0,20.0,446949.0,2021.0,0.0,1.0,0.0,39.0
0.0,0.0,0.0,0.0,12.9,12.0,12.04,9.32,300.0,20.0,10.0,5.4,7.0,0.57,0.57,4.1,24.8,60.0,63997.0,2021.0,1.0,0.0,0.0,20.0
0.0,0.0,0.0,0.0,24.7,28.0,4.17,6.85,1900.0,360.0,150.0,2.5,0.34,0.59,0.3,4.328571428571429,50.0,0.0,446949.0,2021.0,0.0,0.0,1.0,39.0
1.0,0.0,0.0,0.0,15.9,8.0,1.61,6.7,9000.0,2000.0,100.0,3.0,5.6,0.62,0.62,7.3,28.0,45.0,446949.0,2021.0,1.0,0.0,0.0,37.0
0.0,0.0,0.0,0.0,25.4,23.0,1.9,7.4,20457.14285714286,5671.428571428572,3101.428571428572,2.0,2.1,0.4014285714285714,0.3214285714285714,3.7285714285714286,12.6,0.0,171616.0,2024.0,0.0,1.0,0.0,27.0
0.0,0.0,0.0,0.0,26.1,16.428571428571427,2.21,7.21,40000.0,39000.0,1300.0,2.8,23.0,0.82,0.79,9.1,21.0,0.0,367554.0,2021.0,0.0,0.0,1.0,3.0
0.0,0.0,0.0,0.0,16.0,13.0,10.88,9.18,24.0,11200.0,5000.0,21.5,4.4,0.43,0.42,5.5,20.0,0.0,100930.0,2023.0,1.0,0.0,0.0,6.0
0.0,0.0,0.0,0.0,22.0,24.0,6.45,8.11,600.0,400.0,80.0,7.2,1.3397142857142854,0.43,0.2257142857142857,2.8000000000000003,180.0,0.0,63997.0,2024.0,0.0,0.0,1.0,21.0
0.0,0.0,0.0,0.0,24.5,20.0,4.1,7.58,1300.0,100.0,280.0,7.5,0.2,0.88,0.33,3.371428571428571,40.0,0.0,63997.0,2021.0,0.0,0.0,1.0,21.0
0.0,0.0,0.0,1.0,18.5,15.1,8.62,7.147142857142859,4200.0,4000.0,570.0,4.4,0.93,0.29,0.29,4.942857142857143,19.0,0.0,282281.0,2022.0,0.0,1.0,0.0,41.0
0.0,0.0,0.0,0.0,15.4,12.6,2.16,7.05,42000.0,1000.0,800.0,7.314285714285712,2.3,0.65,0.71,4.2,22.0,0.0,367554.0,2021.0,0.0,0.0,0.0,4.0
0.0,0.0,0.0,0.0,18.4,14.0,4.46,7.5,103000.0,35000.0,640.0,11.5,1.1842857142857144,0.79,0.73,6.1000000000000005,23.0,0.0,367554.0,2022.0,1.0,0.0,0.0,2.0
1.0,0.0,0.0,1.0,19.90571428571429,28.5,12.87,9.31,6000.0,5000.0,185.0,4.0,0.42,0.82,0.5,5.757142857142858,75.0,11.428571428571429,358712.0,2021.0,0.0,0.0,1.0,12.0
0.0,0.0,0.0,1.0,26.0,14.0,5.65,7.177142857142857,15000.0,4700.0,920.0,5.1,1.2,0.26,0.23,2.1,21.0,0.0,171616.0,2023.0,0.0,0.0,1.0,27.0
0.0,0.0,0.0,0.0,18.285714285714285,20.0,6.932857142857143,8.381428571428572,300.0,200.0,50.0,7.4,1.3655714285714284,0.53,0.3071428571428571,3.957142857142857,68.1,0.0,63997.0,2024.0,0.0,0.0,1.0,18.0
0.0,1.0,0.0,1.0,25.2,24.0,5.02,6.4,2000.0,1100.0,100.0,7.3,3.8,0.5,0.4,4.3,20.0,0.0,446949.0,2023.0,0.0,0.0,1.0,35.0
0.0,0.0,0.0,0.0,19.82857142857143,10.0,6.184285714285715,8.301428571428572,150.0,100.0,30.0,6.2,0.14,0.6,0.38,3.7,39.0,0.0,63997.0,2022.0,0.0,1.0,0.0,19.0
0.0,0.0,0.0,0.0,13.3,13.0,7.5,7.08,10000.0,600.0,300.0,3.0,0.44,0.11,0.11,4.1571428571428575,30.0,0.0,446949.0,2022.0,0.0,0.0,0.0,36.0
0.0,1.0,0.0,1.0,22.0,20.0,1.6,7.45,18000.0,16000.0,3500.0,5.3,1.55,0.3914285714285714,0.2542857142857143,11.0,38.7,0.0,301968.0,2024.0,0.0,0.0,1.0,0.0
0.0,0.0,0.0,1.0,25.9,28.0,8.27,7.24,7600.0,1400.0,1.5,10.1,0.75,0.52,0.36,4.1,16.0,0.0,282281.0,2023.0,0.0,0.0,1.0,42.0
0.0,0.0,0.0,0.0,18.0,16.0,11.7,9.39,32000.0,32000.0,1500.0,22.5,6.3,0.61,0.51,4.8,12.0,0.0,100930.0,2023.0,1.0,0.0,0.0,10.0
0.0,0.0,0.0,1.0,18.5,13.0,7.49,7.399999999999999,80.0,70.0,4.0,4.7,1.3,0.31,0.3,4.385714285714285,17.0,0.0,633391.0,2022.0,0.0,1.0,0.0,24.0
0.0,0.0,0.0,0.0,24.7,20.785714285714285,5.6,7.4,1300.0,600.0,100.0,3.1,0.6,0.22,0.2,7.0,35.0,0.0,3121707.0,2022.0,0.0,0.0,1.0,16.0
0.0,0.0,0.0,0.0,15.1,20.785714285714285,10.0,7.8,4000.0,3.0,300.0,11.5,0.75,0.3242857142857143,0.37,8.014285714285714,48.0,0.0,3121707.0,2022.0,0.0,0.0,0.0,17.0
0.0,0.0,0.0,0.0,13.1,15.0,10.43,8.02,160000.0,4.0,2.0,16.4,0.22,0.42,0.42,5.6,12.0,0.0,282281.0,2022.0,0.0,0.0,0.0,40.0
0.0,0.0,0.0,0.0,18.382857142857144,20.0,6.231428571428572,8.134285714285715,12000.0,9000.0,400.0,6.9,0.36,0.7285714285714285,0.4928571428571429,7.185714285714286,59.4,0.0,358712.0,2024.0,0.0,0.0,1.0,12.0
0.0,0.0,0.0,0.0,21.0,19.0,6.4,7.0,300.0,160.0,110.0,3.6,1.3,0.33,0.32,4.357142857142858,29.0,0.0,297282.0,2022.0,0.0,1.0,0.0,28.0
0.0,0.0,0.0,0.0,22.0,23.0,2.13,6.81,11000.0,7400.0,200.0,1.8,1.36,0.54,0.4528571428571429,5.085714285714286,123.0,0.0,446949.0,2024.0,0.0,0.0,1.0,35.0
1.0,1.0,1.0,0.0,25.7,23.0,0.8,6.6,8300.0,5251.428571428572,1512.857142857143,1.1,3.9,0.537142857142857,0.4114285714285714,4.357142857142857,19.4,0.0,446949.0,2024.0,0.0,1.0,0.0,35.0
0.0,0.0,0.0,0.0,17.1,17.0,9.87,7.99,13000.0,6.0,2.0,20.6,0.49,0.3671428571428571,0.42,6.5,12.0,0.0,282281.0,2022.0,0.0,0.0,0.0,42.0
0.0,0.0,0.0,0.0,18.0,18.0,7.6,7.4,19.0,19.0,5500.0,4.928571428571429,0.9,0.17,0.16,8.27142857142857,40.0,0.0,3121707.0,2023.0,1.0,0.0,0.0,16.0
0.0,1.0,0.0,1.0,24.1,20.0,1.02,6.39,1100.0,100.0,370.0,8.8,0.049,0.55,0.54,2.6,18.0,0.0,446949.0,2022.0,0.0,0.0,1.0,34.0
0.0,0.0,0.0,0.0,18.7,12.0,8.54,8.085714285714285,600.0,500.0,270.0,5.9,0.22,0.51,0.31,5.9,34.0,0.0,358712.0,2022.0,0.0,1.0,0.0,13.0
0.0,0.0,0.0,0.0,16.6,14.0,5.36,7.66,92000.0,6.0,610.0,10.8,4.1,0.27,0.27,6.5,13.0,0.0,367554.0,2022.0,0.0,0.0,0.0,3.0
0.0,0.0,0.0,0.0,27.0,27.5,12.65,9.18,6000.0,1400.0,100.0,5.7,0.89,0.75,0.59,5.757142857142858,70.0,11.428571428571429,358712.0,2021.0,0.0,1.0,0.0,12.0
1.0,1.0,1.0,1.0,23.4,27.0,10.34,9.16,1200.0,100.0,40.0,5.2,0.06,0.39,0.38,4.7,65.0,0.0,63997.0,2022.0,0.0,0.0,1.0,20.0
0.0,0.0,0.0,0.0,26.0,25.0,4.31,6.71,4000.0,600.0,400.0,2.7,2.0,0.26,0.3614285714285714,3.0,13.0,0.0,446949.0,2023.0,0.0,1.0,0.0,32.0
0.0,1.0,0.0,1.0,10.0,12.0,6.67,8.117142857142856,80000.0,80000.0,12000.0,5.2,1.2,0.7357142857142857,0.39,7.371428571428571,18.2,0.0,100930.0,2022.0,0.0,1.0,0.0,10.0
0.0,0.0,0.0,0.0,23.0,22.0,6.4,7.39,500.0,500.0,150.0,2.9,1.9,0.29,0.3785714285714285,4.6,30.0,0.0,367554.0,2023.0,0.0,1.0,0.0,1.0
0.0,0.0,0.0,0.0,13.8,14.0,8.61,7.06,900.0,80.0,90.0,2.1,23.0,0.14,0.14,3.614285714285714,22.0,0.0,446949.0,2022.0,0.0,0.0,0.0,31.0
0.0,0.0,0.0,0.0,14.8,13.0,9.9,7.09,1000.0,200.0,68.0,2.1,1.1,0.7171428571428571,0.2728571428571428,3.614285714285714,27.0,0.0,446949.0,2021.0,0.0,0.0,0.0,31.0
0.0,0.0,0.0,0.0,24.9,21.571428571428573,8.1,8.1,35000.0,5200.0,6100.0,4.4,1.7,0.25,0.27,6.9,13.0,0.0,3121707.0,2021.0,0.0,1.0,0.0,15.0
0.0,0.0,0.0,0.0,23.0,23.0,4.86,7.231428571428572,28000.0,20000.0,10000.0,14.4,2.1,0.36,0.4057142857142857,2.7,6.2,0.0,297282.0,2023.0,0.0,1.0,0.0,29.0
0.0,0.0,0.0,0.0,16.2,14.5,5.95,7.79,5000.0,2400.0,60.0,3.6,3.3,0.33,0.33,6.0,38.84285714285714,80.0,367554.0,2021.0,1.0,0.0,0.0,1.0
0.0,0.0,0.0,0.0,25.2,19.0,0.5,7.3,141311.14285714287,120000.0,1400.0,1.4,1.2,1.1,0.5428571428571429,10.0,30.7,0.0,367554.0,2024.0,0.0,1.0,0.0,3.0
0.0,0.0,0.0,0.0,24.5,20.0,7.7,8.0,3957.328571428571,2637.1428571428573,811.4285714285714,7.3,0.3,0.3242857142857143,0.2571428571428572,3.757142857142857,27.9,0.0,297282.0,2024.0,0.0,1.0,0.0,30.0
0.0,0.0,0.0,0.0,15.2,21.571428571428573,6.9,7.6,50000.0,11000.0,4100.0,4.2,3.09,0.1,0.38,6.457142857142857,32.0,0.0,3121707.0,2021.0,0.0,0.0,0.0,14.0
0.0,0.0,0.0,1.0,18.0,15.0,5.88,7.16,4.0,600.0,930.0,4.3,0.75,0.21,0.2,3.571428571428572,50.0,0.0,446949.0,2023.0,1.0,0.0,0.0,37.0
0.0,0.0,0.0,0.0,20.8,18.0,7.17,7.57,3800.0,1000.0,180.0,4.4,1.2,0.98,0.49,3.8571428571428568,22.0,0.0,633391.0,2021.0,0.0,0.0,1.0,25.0
0.0,0.0,0.0,0.0,16.4,21.714285714285715,6.2,7.3,20000.0,15000.0,800.0,7.1,1.16,0.3985714285714286,0.2,6.757142857142858,84.0,0.0,3121707.0,2022.0,1.0,0.0,0.0,15.0
0.0,0.0,0.0,0.0,10.0,12.0,6.32,7.77,80000.0,10000.0,3700.0,3.5142857142857147,9.3,1.3,1.2,6.9,10.0,0.0,100930.0,2021.0,0.0,0.0,0.0,10.0
0.0,0.0,0.0,1.0,24.0,28.0,7.41,6.58,7000.0,1600.0,300.0,5.4,0.92,0.41,0.24,4.9,14.0,0.0,282281.0,2023.0,0.0,0.0,1.0,40.0
1.0,0.0,0.0,0.0,14.4,14.0,0.45,7.14,36257.142857142855,186.0,11.0,3.028571428571429,23.0,2.8,0.2428571428571429,5.3,13.0,0.0,446949.0,2022.0,0.0,0.0,0.0,32.0
0.0,0.0,0.0,0.0,18.0,14.0,7.82,7.08,235.0,220.0,140.0,2.2857142857142856,0.07,0.1,0.1614285714285714,3.6142857142857134,65.0,0.0,446949.0,2023.0,1.0,0.0,0.0,39.0
0.0,0.0,0.0,0.0,12.6,13.0,8.99,8.08,500.0,200.0,230.0,10.7,1.1,0.77,0.26,3.1,32.0,0.0,63997.0,2023.0,0.0,0.0,0.0,23.0
0.0,0.0,0.0,0.0,27.8,28.0,4.84,7.69,5100.0,2000.0,260.0,4.6,0.69,0.85,0.3,4.4,27.0,0.0,297282.0,2021.0,0.0,0.0,1.0,28.0
0.0,0.0,0.0,0.0,20.228571428571428,14.0,8.48,8.085714285714285,2.0,2000.0,7600.0,16.7,2.1,0.43,0.42,7.9,23.0,0.0,358712.0,2023.0,1.0,0.0,0.0,11.0
0.0,0.0,0.0,0.0,22.0,21.0,8.120000000000001,7.57,1100.0,800.0,10.0,8.3,0.78,0.44,0.3,5.0,58.0,0.0,633391.0,2024.0,0.0,0.0,1.0,26.0
0.0,0.0,0.0,0.0,14.5,22.285714285714285,8.6,7.6,13000.0,6000.0,3100.0,3.4,1.8,0.08,0.19,6.471428571428571,31.0,0.0,3121707.0,2021.0,0.0,0.0,0.0,15.0
0.0,0.0,0.0,0.0,27.8,20.785714285714285,8.0,7.7,1100.0,1100.0,400.0,4.928571428571429,0.4,0.35,0.29,7.0,33.0,0.0,3121707.0,2023.0,0.0,0.0,1.0,14.0
0.0,0.0,0.0,0.0,20.4,14.0,6.24,7.055714285714286,4000.0,3000.0,600.0,2.8,1.0,0.2,0.2,4.328571428571428,28.0,0.0,446949.0,2022.0,0.0,1.0,0.0,32.0
0.0,0.0,0.0,0.0,23.0,22.0,12.15,8.5,1000.0,200.0,10.0,4.3,0.049,0.37,0.31,4.4,36.0,0.0,633391.0,2022.0,0.0,0.0,1.0,26.0
0.0,0.0,0.0,0.0,16.8,14.5,3.76,7.48,180000.0,70000.0,500.0,3.9,3.9,0.77,0.77,6.7,36.0,65.0,367554.0,2021.0,1.0,0.0,0.0,4.0
0.0,0.0,0.0,0.0,18.0,15.0,3.22,7.52,5000.0,2500.0,80.0,15.2,2.9,0.57,0.56,3.8,11.0,0.0,367554.0,2023.0,1.0,0.0,0.0,3.0
0.0,0.0,0.0,0.0,26.0,26.0,3.84,6.92,4000.0,2500.0,960.0,3.5,1.7,0.84,0.36,3.0,55.0,0.0,171616.0,2021.0,0.0,0.0,1.0,27.0
0.0,0.0,0.0,0.0,20.0,22.0,3.24,7.341428571428572,24.0,19000.0,5000.0,20.0,2.9,0.43,0.33,3.1,3.5,0.0,297282.0,2023.0,1.0,0.0,0.0,29.0
0.0,0.0,0.0,1.0,24.9,23.3,3.5,6.53,3200.0,200.0,750.0,4.4,3.5,1.1,0.91,3.9,8.9,0.0,446949.0,2022.0,0.0,0.0,1.0,35.0
0.0,0.0,0.0,0.0,18.89,12.0,3.99,7.324285714285714,700.0,500.0,40.0,3.2,3.3,0.78,0.66,4.014285714285714,14.0,0.0,367554.0,2022.0,0.0,1.0,0.0,4.0
1.0,0.0,1.0,1.0,24.0,20.0,4.53,7.84,81000.0,75000.0,18400.0,3.842857142857144,11.0,0.96,0.51,23.0,50.0,0.0,100930.0,2023.0,0.0,1.0,0.0,6.0
0.0,1.0,1.0,0.0,25.6,23.0,0.8,6.7,12285.714285714286,6642.857142857143,2010.0,1.2,4.3,0.7571428571428571,0.7442857142857143,5.042857142857143,13.1,0.0,446949.0,2022.0,0.0,1.0,0.0,37.0
0.0,0.0,0.0,0.0,24.8,32.0,7.27,7.13,8000.0,150.0,40.0,2.4857142857142853,0.09,0.8357142857142857,0.3399999999999999,4.157142857142857,32.0,0.0,446949.0,2021.0,0.0,1.0,0.0,38.0
0.0,0.0,0.0,0.0,23.87,26.0,4.85,7.23,1000.0,100.0,240.0,3.7,0.44,0.47,0.32,2.6,27.0,0.0,367554.0,2023.0,0.0,0.0,1.0,1.0
0.0,0.0,0.0,0.0,24.5,20.0,2.8,7.6,70600.28571428571,96000.0,15000.0,16.6,5.7,0.5,0.5714285714285714,3.0,2.2,0.0,297282.0,2024.0,0.0,1.0,0.0,29.0
0.0,0.0,0.0,1.0,18.0,15.0,3.55,7.08,49857.142857142855,4400.714285714285,912.8571428571428,10.2,1.1,0.32,0.31,2.9,45.0,0.0,367554.0,2023.0,1.0,0.0,0.0,4.0
0.0,0.0,0.0,0.0,13.4,14.0,8.05,7.29,50000.0,3.0,380.0,16.3,1.1,0.51,0.39,11.0,27.0,0.0,633391.0,2022.0,0.0,0.0,0.0,26.0
0.0,0.0,0.0,0.0,24.9,27.0,6.4,7.7,4000.0,3600.0,800.0,4.928571428571429,0.3,0.69,0.2499999999999999,7.728571428571429,91.0,0.0,3121707.0,2021.0,0.0,0.0,1.0,16.0
0.0,0.0,0.0,0.0,13.8,13.0,5.63,7.96,11000.0,3000.0,2600.0,20.7,3.5,0.75,0.48,4.5,55.0,0.0,63997.0,2023.0,0.0,0.0,0.0,22.0
0.0,0.0,0.0,0.0,24.7,21.571428571428573,7.2,7.7,23000.0,2500.0,5200.0,5.3,1.6,0.27,0.33,4.2,16.0,0.0,3121707.0,2021.0,0.0,1.0,0.0,14.0
0.0,0.0,0.0,0.0,18.87142857142857,21.0,8.7,8.085714285714285,650.0,400.0,10.0,8.4,0.98,0.42,0.3428571428571428,6.0,69.2,0.0,358712.0,2024.0,0.0,0.0,1.0,11.0
0.0,0.0,0.0,1.0,10.0,12.0,7.331428571428572,8.242857142857144,1400.0,1000.0,380.0,4.6,0.8,0.45,0.43,3.3714285714285714,40.0,0.0,100930.0,2022.0,0.0,1.0,0.0,6.0
0.0,0.0,0.0,0.0,25.8,18.0,1.1,7.4,5857.142857142857,20114.28571428572,935.7142857142856,2.5,1.2,0.5457142857142857,0.33,7.114285714285715,34.1,0.0,367554.0,2024.0,0.0,1.0,0.0,1.0
1.0,1.0,1.0,1.0,11.0,14.0,7.242857142857143,8.13,700000.0,440.0,30.0,2.1,19.0,1.4,1.4,21.0,11.0,0.0,100930.0,2022.0,0.0,0.0,0.0,10.0
0.0,0.0,0.0,0.0,24.5,18.185714285714287,1.5,6.7,41142.857142857145,23857.14285714286,16700.0,9.3,1.2,0.4,0.3214285714285714,4.0,24.8,0.0,282281.0,2024.0,0.0,1.0,0.0,40.0
1.0,1.0,0.0,1.0,22.2,19.0,8.4,8.6,34885.71428571428,14716.57142857143,1460.428571428571,3.4,0.5,0.7028571428571428,0.6942857142857142,5.071428571428571,191.0,0.0,100930.0,2024.0,0.0,1.0,0.0,10.0
1.0,1.0,1.0,1.0,20.0,18.0,6.56,8.11,150000.0,2800.0,20000.0,2.0,0.049,1.5,1.3,8.4,4.1,0.0,100930.0,2022.0,0.0,0.0,1.0,10.0
0.0,0.0,0.0,0.0,15.7,14.0,5.07,7.55,70000.0,6.0,600.0,12.6,3.1,0.42,0.42,5.0,12.0,0.0,367554.0,2022.0,0.0,0.0,0.0,5.0
0.0,0.0,0.0,0.0,15.5,20.785714285714285,9.0,7.7,12000.0,1200.0,360.0,3.5,2.06,0.1,0.42,7.328571428571429,39.6,0.0,3121707.0,2021.0,0.0,0.0,0.0,17.0
0.0,0.0,0.0,0.0,25.2,27.5,4.7,7.6,4000.0,3500.0,40.0,4.928571428571429,0.3,0.76,0.2499999999999999,8.014285714285714,84.0,0.0,3121707.0,2021.0,0.0,0.0,1.0,14.0
0.0,0.0,0.0,0.0,21.014285714285712,21.0,3.0942857142857143,7.345714285714285,18000.0,14000.0,1430.0,3.4,0.61,0.76,0.32,12.0,55.0,0.0,358712.0,2023.0,0.0,1.0,0.0,13.0
0.0,0.0,0.0,0.0,14.2,14.0,6.21,7.12,16000.0,130.0,100.0,13.5,3.9,0.63,0.62,7.3,27.8,0.0,633391.0,2022.0,0.0,0.0,0.0,24.0
0.0,0.0,0.0,1.0,26.1,27.0,1.8,6.2,28000.0,5200.0,3300.0,1.9,7.2,0.43,0.32,7.1,7.5,0.0,297282.0,2022.0,0.0,0.0,1.0,29.0
1.0,1.0,1.0,1.0,10.0,12.0,6.84,8.14,100000.0,30000.0,6200.0,3.928571428571429,13.0,1.5,1.5,5.5,8.7,0.0,100930.0,2021.0,0.0,0.0,0.0,6.0
0.0,0.0,0.0,0.0,22.0,22.0,6.3,7.39,1000.0,900.0,290.0,3.1,1.3,0.2,0.3457142857142857,3.1,26.0,0.0,367554.0,2023.0,0.0,1.0,0.0,2.0
0.0,0.0,0.0,0.0,22.1,19.0,9.1,8.5,65828.57142857143,1300.0,400.0,3.4,2.507142857142857,0.6514285714285715,0.5442857142857143,4.9,221.0,0.0,100930.0,2024.0,0.0,1.0,0.0,8.0
0.0,0.0,0.0,0.0,17.9,14.0,3.43,7.46,20000.0,4200.0,230.0,3.7,2.9,0.65,0.53,6.4,22.0,0.0,367554.0,2022.0,1.0,0.0,0.0,3.0
0.0,0.0,0.0,0.0,20.0,11.0,5.24,6.982857142857142,15200.0,14400.0,2500.0,2.7,0.83,0.19,0.18,5.8,26.0,0.0,446949.0,2022.0,0.0,1.0,0.0,35.0
0.0,1.0,0.0,1.0,25.3,18.0,0.5,7.2,9971.42857142857,5171.428571428572,1525.7142857142858,2.0,3.5,0.8857142857142858,0.6557142857142858,4.314285714285714,11.5,0.0,379542.8571428572,2024.0,0.0,1.0,0.0,0.0
0.0,0.0,0.0,0.0,16.7,15.0,12.0,8.81,280000.0,3600.0,1580.0,10.0,0.18,0.7,0.67,12.0,45.0,0.0,358712.0,2022.0,1.0,0.0,0.0,11.0
0.0,0.0,0.0,0.0,13.7,14.0,7.64,7.31142857142857,2900.0,2300.0,1400.0,8.6,1.0,0.58,0.28,4.428571428571429,20.0,0.0,297282.0,2023.0,0.0,0.0,0.0,28.0
0.0,0.0,0.0,0.0,21.74285714285714,22.0,6.151428571428572,7.252857142857144,4200.0,500.0,240.0,5.9,0.41,0.24,0.69,1.9,22.0,0.0,282281.0,2022.0,0.0,0.0,1.0,40.0
1.0,0.0,0.0,1.0,23.0,24.0,2.67,6.62,15000.0,13000.0,3000.0,2.3,7.5,0.95,0.34,5.7,20.0,0.0,446949.0,2023.0,0.0,1.0,0.0,35.0
0.0,0.0,0.0,0.0,18.87142857142857,13.0,8.7,8.085714285714285,1.0,900.0,500.0,4.2,0.3,0.39,0.13,5.2,22.0,0.0,358712.0,2023.0,1.0,0.0,0.0,13.0
0.0,0.0,0.0,1.0,24.5,23.3,5.3,6.56,2200.0,100.0,130.0,2.9,0.42,0.23,0.15,6.2,90.0,0.0,446949.0,2022.0,0.0,0.0,1.0,31.0
0.0,0.0,0.0,0.0,15.0,13.0,1.22,7.47,4000.0,2200.0,800.0,13.8,7.2,2.7,0.6,5.2,12.0,0.0,367554.0,2023.0,0.0,0.0,0.0,1.0
0.0,0.0,0.0,0.0,13.8,11.0,8.9,7.81,5000.0,400.0,100.0,4.9,0.3,0.34,0.37,4.9,19.0,67.14285714285714,282281.0,2021.0,0.0,0.0,0.0,42.0
0.0,1.0,0.0,1.0,24.2,32.0,3.9,6.71,15000.0,12000.0,430.0,2.185714285714285,1.8,0.25,0.39,4.2,21.0,0.0,446949.0,2021.0,0.0,1.0,0.0,37.0
0.0,0.0,0.0,0.0,25.7,22.2,4.13,7.58,5200.0,600.0,180.0,6.9,0.97,0.42,0.34,5.2,22.0,0.0,367554.0,2022.0,0.0,0.0,1.0,1.0
0.0,0.0,0.0,0.0,17.0,15.0,9.05,8.55,100.0,35.0,5.0,5.1,0.17,0.19,0.18,3.7,25.0,0.0,63997.0,2023.0,1.0,0.0,0.0,21.0
0.0,0.0,0.0,1.0,27.0,28.0,5.66,7.82,7600.0,7000.0,270.0,5.5,0.37,0.56,0.34,4.4,35.0,0.0,297282.0,2021.0,0.0,0.0,1.0,30.0
0.0,0.0,0.0,0.0,25.0,28.0,6.3,5.31,2000.0,120.0,2.0,7.6,0.59,0.38,0.23,3.2,35.0,0.0,633391.0,2023.0,0.0,0.0,1.0,25.0
0.0,0.0,0.0,0.0,24.3,28.0,13.18,8.11,2800.0,100.0,40.0,2.9,0.6,0.57,0.51,4.4,11.0,0.0,633391.0,2021.0,0.0,1.0,0.0,26.0
0.0,0.0,1.0,0.0,25.0,24.0,8.47,8.7,300.0,100.0,20.0,3.8,2.394285714285714,0.4,0.2942857142857143,3.985714285714286,66.0,0.0,100930.0,2024.0,0.0,0.0,1.0,8.0
1.0,0.0,0.0,0.0,21.0,18.714285714285715,4.76,7.65,200.0,200.0,160.0,3.985714285714285,8.4,0.2,0.2942857142857143,8.4,17.0,0.0,100930.0,2023.0,0.0,1.0,0.0,7.0
0.0,0.0,0.0,0.0,20.0,8.0,7.339999999999999,8.349999999999998,1800.0,400.0,50.0,3.9,1.994142857142857,0.53,0.52,9.4,90.0,0.0,63997.0,2022.0,1.0,0.0,0.0,19.0
0.0,0.0,0.0,0.0,18.87142857142857,22.0,8.7,8.085714285714285,800.0,500.0,80.0,6.6,1.032857142857143,0.54,0.3428571428571428,5.9,63.9,0.0,358712.0,2024.0,0.0,0.0,1.0,13.0
1.0,1.0,1.0,0.0,14.4,8.0,1.46,6.8,100000.0,10000.0,400.0,3.542857142857143,5.7,0.65,0.68,8.6,16.0,15.714285714285714,446949.0,2021.0,0.0,0.0,0.0,35.0
0.0,0.0,0.0,1.0,22.0,21.0,7.22,7.4,5000.0,4300.0,600.0,13.2,0.51,0.34,0.3057142857142856,4.0,63.1,0.0,282281.0,2024.0,0.0,0.0,1.0,42.0
0.0,0.0,0.0,1.0,20.0,26.0,5.09,7.43,1000.0,360.0,300.0,3.5,5.4,1.4,1.1,3.9,18.0,0.0,100930.0,2021.0,0.0,0.0,1.0,6.0
1.0,1.0,1.0,1.0,8.0,12.0,7.2,7.99,400000.0,20251.42857142857,7653.428571428572,3.7285714285714286,8.5,1.2,0.85,7.1,3.3,0.0,100930.0,2022.0,1.0,0.0,0.0,10.0
0.0,0.0,0.0,0.0,22.4,27.0,3.91,7.56,6100.0,5100.0,660.0,4.6,4.1,0.28,0.3657142857142856,12.0,15.0,0.0,63997.0,2021.0,0.0,1.0,0.0,22.0
0.0,0.0,0.0,1.0,24.4,29.0,7.28,6.91,400.0,200.0,65.0,2.7,0.44,0.27,0.12,3.6142857142857134,45.0,0.0,446949.0,2021.0,0.0,1.0,0.0,31.0
1.0,0.0,0.0,1.0,18.2,16.0,4.9,6.85,28000.0,5200.0,460.0,8.5,0.25,0.71,0.35,3.6,70.0,0.0,446949.0,2022.0,1.0,0.0,0.0,34.0
0.0,0.0,0.0,0.0,18.0,18.0,6.2,7.3,29.0,21.0,760.0,4.928571428571429,2.0,0.12,0.11,8.27142857142857,21.0,0.0,3121707.0,2023.0,1.0,0.0,0.0,15.0
0.0,0.0,0.0,0.0,18.0,15.0,5.2,6.74,4.2,4.0,100.0,8.8,1.0,0.21,0.2,4.942857142857143,12.0,0.0,282281.0,2023.0,1.0,0.0,0.0,41.0
0.0,0.0,0.0,0.0,27.5,32.0,7.19,7.55,4000.0,300.0,30.0,5.6,0.1,0.31,0.3,4.342857142857143,7.6,48.57142857142857,297282.0,2021.0,0.0,1.0,0.0,30.0
