codigo,año,campaña,tem_agua,tem_aire,od,ph,olores,color,espumas,mat_susp,colif_fecales_ufc_100ml,escher_coli_ufc_100ml,enteroc_ufc_100ml,nitrato_mg_l,nh4_mg_l,p_total_l_mg_l,fosf_ortofos_mg_l,dbo_mg_l,turbiedad_ntu,hidr_deriv_petr_ug_l,ica,Poblacion_partido,Personas_con_cloacas
AV051,2021.0,verano,25.3,,4.77,6.61,0.0,0.0,0.0,0.0,2000.0,1320.0,450.0,4.3,0.36,1.0,0.44,,45.0,,45.0,367554.0,289059.0
AV051,2021.0,otoño,16.2,14.5,5.95,7.79,0.0,0.0,0.0,0.0,5000.0,2400.0,60.0,3.6,3.3,0.33,0.33,6.0,,80.0,48.0,367554.0,289059.0
AV051,2021.0,invierno,15.1,12.8,3.76,7.11,0.0,0.0,0.0,0.0,40000.0,3000.0,20.0,2.2,2.0,0.61,0.56,3.3,13.0,,40.0,367554.0,289059.0
AV051,2021.0,primavera,23.9,28.0,4.59,6.76,0.0,0.0,0.0,0.0,2000.0,100.0,100.0,,1.5,0.25,0.29,2.4,15.0,,52.0,367554.0,289059.0
AV052,2021.0,verano,25.5,,3.22,6.87,0.0,0.0,0.0,0.0,10000.0,3200.0,600.0,4.0,1.6,0.98,0.46,6.4,32.0,,39.0,367554.0,289059.0
AV052,2021.0,otoño,16.2,14.5,4.67,7.69,0.0,0.0,0.0,0.0,9000.0,6400.0,600.0,3.4,2.7,0.48,0.48,7.4,30.0,75.0,41.0,367554.0,289059.0
AV052,2021.0,invierno,14.8,12.8,3.7,7.04,0.0,0.0,0.0,0.0,60000.0,3000.0,100.0,2.1,2.2,0.73,0.63,4.8,11.0,,38.0,367554.0,289059.0
AV052,2021.0,primavera,21.4,29.1,4.82,6.82,0.0,0.0,0.0,0.0,2000.0,1000.0,200.0,,0.1,0.35,0.38,3.5,13.0,,50.0,367554.0,289059.0
AV053,2021.0,verano,26.1,,2.21,7.21,0.0,0.0,0.0,0.0,40000.0,39000.0,1300.0,2.8,23.0,0.82,0.79,9.1,21.0,,36.0,367554.0,289059.0
AV053,2021.0,otoño,16.7,14.5,3.41,7.71,0.0,0.0,0.0,0.0,32000.0,9000.0,40.0,3.1,2.9,0.61,0.61,8.5,,50.0,38.0,367554.0,289059.0
AV053,2021.0,invierno,14.7,12.8,5.83,7.21,0.0,0.0,0.0,0.0,400.0,200.0,27.0,2.3,2.7,0.63,0.63,6.5,21.0,,59.0,367554.0,289059.0
AV053,2021.0,primavera,26.0,29.1,0.74,6.96,0.0,0.0,0.0,0.0,,50000.0,2100.0,,3.1,0.75,0.76,14.0,10.0,,34.0,367554.0,289059.0
AV054,2021.0,verano,26.1,,3.95,6.86,0.0,0.0,0.0,0.0,9000.0,5000.0,800.0,5.2,0.59,2.5,,6.0,45.0,,38.0,367554.0,289059.0
AV054,2021.0,otoño,16.8,14.5,3.76,7.48,0.0,0.0,0.0,0.0,180000.0,70000.0,500.0,3.9,3.9,0.77,0.77,6.7,36.0,65.0,34.0,367554.0,289059.0
AV054,2021.0,invierno,15.4,12.6,2.16,7.05,0.0,0.0,0.0,0.0,42000.0,1000.0,800.0,,2.3,0.65,0.71,4.2,22.0,,38.0,367554.0,289059.0
AV054,2021.0,primavera,21.4,28.0,4.24,6.85,0.0,0.0,0.0,0.0,1000.0,100.0,190.0,,1.0,0.25,0.28,2.7,14.0,,53.0,367554.0,289059.0
AV055,2021.0,verano,25.6,,2.46,6.97,0.0,0.0,0.0,0.0,1500.0,100.0,370.0,3.7,1.5,0.74,0.48,9.5,34.0,,47.0,367554.0,289059.0
AV055,2021.0,otoño,16.7,14.5,3.6,7.7,0.0,0.0,0.0,0.0,25000.0,6000.0,70.0,3.1,2.6,0.55,0.55,4.9,34.0,60.0,39.0,367554.0,289059.0
AV055,2021.0,invierno,14.6,12.8,3.73,7.07,0.0,0.0,0.0,0.0,3000.0,1500.0,300.0,,3.1,0.75,0.7,10.0,10.0,,46.0,367554.0,289059.0
AV055,2021.0,primavera,25.0,29.1,4.24,6.94,0.0,0.0,0.0,0.0,6000.0,200.0,100.0,2.2,0.4,0.36,0.41,3.7,12.0,,47.0,367554.0,289059.0
BS091,2021.0,verano,20.0,26.0,5.09,7.43,0.0,0.0,0.0,1.0,1000.0,360.0,300.0,3.5,5.4,1.4,1.1,3.9,18.0,,42.0,100930.0,47630.0
BS091,2021.0,invierno,10.0,12.0,6.84,8.14,1.0,1.0,1.0,1.0,100000.0,30000.0,6200.0,,13.0,1.5,1.5,5.5,8.7,,28.0,100930.0,47630.0
BS091,2021.0,primavera,11.0,19.0,5.7,7.78,0.0,1.0,0.0,1.0,10000.0,700.0,300.0,,0.9,1.1,1.2,3.0,4.9,,39.0,100930.0,47630.0
BS092,2021.0,verano,21.0,27.0,4.91,7.4,0.0,0.0,0.0,0.0,1800.0,1500.0,480.0,3.1,2.0,0.77,0.47,4.7,16.0,,43.0,100930.0,47630.0
BS092,2021.0,invierno,11.9,4.0,12.61,8.95,0.0,0.0,0.0,0.0,1600.0,100.0,160.0,3.9,1.8,,0.11,3.6,23.0,,60.0,100930.0,47630.0
BS092,2021.0,primavera,10.0,19.0,8.2,8.01,0.0,0.0,0.0,1.0,40000.0,1000.0,12.0,3.5,3.1,1.1,0.25,6.8,14.0,,38.0,100930.0,47630.0
BS093,2021.0,verano,20.0,26.0,4.89,7.75,0.0,0.0,0.0,0.0,1200.0,400.0,240.0,3.3,1.8,0.73,0.42,2.7,5.3,,46.0,100930.0,47630.0
BS093,2021.0,invierno,7.0,9.0,9.99,9.22,0.0,0.0,0.0,0.0,300.0,20.0,20.0,,1.3,0.33,0.23,5.0,75.0,,46.0,100930.0,47630.0
BS093,2021.0,invierno,7.0,8.0,10.7,9.19,0.0,0.0,0.0,0.0,4200.0,80.0,240.0,,0.7,0.45,0.22,7.3,75.0,,43.0,100930.0,47630.0
BS093,2021.0,primavera,11.0,19.0,8.29,8.39,0.0,1.0,0.0,1.0,3600.0,170.0,2.0,3.9,0.11,,0.11,3.0,50.0,,49.0,100930.0,47630.0
BS094,2021.0,verano,21.0,27.0,5.89,7.79,0.0,0.0,0.0,0.0,400.0,20.0,180.0,3.3,0.98,0.78,1.1,2.4,210.0,,49.0,100930.0,47630.0
BS094,2021.0,invierno,8.0,10.0,9.7,8.04,0.0,0.0,0.0,0.0,15000.0,1500.0,1000.0,4.2,0.2,0.56,0.44,7.0,29.0,,41.0,100930.0,47630.0
BS094,2021.0,primavera,11.0,19.0,7.58,8.21,0.0,0.0,0.0,0.0,110.0,290.0,15.0,4.1,0.41,0.31,0.27,2.5,70.0,,62.0,100930.0,47630.0
BS095,2021.0,verano,24.0,27.0,4.28,7.47,1.0,1.0,1.0,1.0,80000.0,1500.0,480.0,4.0,5.3,1.9,1.2,6.3,5.9,,26.0,100930.0,47630.0
BS095,2021.0,invierno,10.0,12.0,6.32,7.77,0.0,0.0,0.0,0.0,80000.0,10000.0,3700.0,,9.3,1.3,1.2,6.9,10.0,,37.0,100930.0,47630.0
BS095,2021.0,primavera,10.0,19.0,5.79,7.71,1.0,1.0,1.0,1.0,140000.0,12000.0,,,14.0,1.6,1.5,11.0,7.0,,26.0,100930.0,47630.0
BZ077,2021.0,verano,25.5,26.0,7.51,7.65,0.0,0.0,0.0,0.0,3000.0,2800.0,3000.0,6.2,0.54,0.64,0.94,,120.0,,35.0,358712.0,267760.0
BZ077,2021.0,otoño,13.0,16.0,12.39,9.23,0.0,0.0,0.0,0.0,29000.0,1000.0,800.0,5.9,0.24,0.22,0.22,4.2,33.0,75.0,41.0,358712.0,267760.0
BZ077,2021.0,invierno,13.0,12.5,11.82,8.8,0.0,0.0,0.0,0.0,1000.0,100.0,300.0,3.5,0.7,0.22,0.2,7.7,12.0,,61.0,358712.0,267760.0
BZ077,2021.0,primavera,26.0,26.0,12.47,9.07,0.0,0.0,0.0,0.0,800.0,200.0,30.0,5.9,0.5,0.36,0.25,,27.0,,52.0,358712.0,267760.0
BZ078,2021.0,verano,,28.5,12.87,9.31,1.0,0.0,0.0,1.0,6000.0,5000.0,185.0,4.0,0.42,0.82,0.5,,75.0,,33.0,358712.0,267760.0
BZ078,2021.0,otoño,13.0,18.0,15.2,9.66,0.0,0.0,0.0,0.0,20000.0,1000.0,500.0,4.3,0.08,0.22,0.22,3.0,40.0,65.0,42.0,358712.0,267760.0
BZ078,2021.0,invierno,12.0,16.0,10.13,8.63,0.0,0.0,0.0,0.0,10000.0,500.0,100.0,4.1,0.6,0.29,0.24,7.1,16.0,,45.0,358712.0,267760.0
BZ078,2021.0,primavera,27.0,27.5,12.65,9.18,0.0,0.0,0.0,0.0,6000.0,1400.0,100.0,5.7,0.89,0.75,0.59,,70.0,,39.0,358712.0,267760.0
BZ080,2021.0,verano,23.5,26.0,9.05,7.87,0.0,0.0,0.0,0.0,2250.0,500.0,185.0,4.1,0.15,0.58,0.59,6.0,50.0,,51.0,358712.0,267760.0
BZ080,2021.0,otoño,11.0,15.0,12.67,9.44,0.0,0.0,0.0,0.0,5000.0,800.0,600.0,3.2,0.1,0.75,0.75,3.1,43.0,80.0,44.0,358712.0,267760.0
BZ080,2021.0,invierno,12.0,10.0,10.16,9.36,0.0,0.0,0.0,0.0,10000.0,1000.0,100.0,3.4,0.7,,0.15,9.4,21.0,,43.0,358712.0,267760.0
BZ080,2021.0,primavera,26.0,26.0,11.52,8.94,0.0,0.0,0.0,0.0,190000.0,20000.0,500.0,5.4,0.34,0.47,0.19,13.0,50.0,,33.0,358712.0,267760.0
CA041,2021.0,verano,25.2,27.5,4.7,7.6,0.0,0.0,0.0,0.0,4000.0,3500.0,40.0,,0.3,0.76,,,84.0,,41.0,3121707.0,3049672.0
CA041,2021.0,invierno,15.2,,6.9,7.6,0.0,0.0,0.0,0.0,50000.0,11000.0,4100.0,4.2,3.09,0.1,0.38,,32.0,,37.0,3121707.0,3049672.0
CA041,2021.0,primavera,24.7,,7.2,7.7,0.0,0.0,0.0,0.0,23000.0,2500.0,5200.0,5.3,1.6,0.27,0.33,4.2,16.0,,39.0,3121707.0,3049672.0
CA044,2021.0,verano,26.1,27.5,4.7,7.4,0.0,0.0,0.0,0.0,25000.0,3800.0,370.0,,1.2,0.64,,,59.0,,34.0,3121707.0,3049672.0
CA044,2021.0,invierno,14.5,,8.6,7.6,0.0,0.0,0.0,0.0,13000.0,6000.0,3100.0,3.4,1.8,0.08,0.19,,31.0,,41.0,3121707.0,3049672.0
CA044,2021.0,primavera,24.9,,8.1,8.1,0.0,0.0,0.0,0.0,35000.0,5200.0,6100.0,4.4,1.7,0.25,0.27,6.9,13.0,,39.0,3121707.0,3049672.0
CA046,2021.0,verano,24.9,27.0,6.4,7.7,0.0,0.0,0.0,0.0,4000.0,3600.0,800.0,,0.3,0.69,,,91.0,,42.0,3121707.0,3049672.0
CA046,2021.0,invierno,14.7,,8.6,7.6,0.0,0.0,0.0,0.0,4000.0,3800.0,810.0,3.6,1.8,0.08,0.2,,31.0,,45.0,3121707.0,3049672.0
CA046,2021.0,primavera,24.2,,7.8,7.7,0.0,0.0,0.0,0.0,100000.0,45000.0,490.0,6.1,2.5,,0.17,5.7,21.0,,38.0,3121707.0,3049672.0
CA047,2021.0,verano,26.5,,8.7,8.1,0.0,0.0,0.0,0.0,380.0,340.0,30.0,,0.8,0.76,,,105.0,,46.0,3121707.0,3049672.0
CA047,2021.0,invierno,15.5,,9.0,7.7,0.0,0.0,0.0,0.0,12000.0,1200.0,360.0,3.5,2.06,0.1,0.42,,39.6,,46.0,3121707.0,3049672.0
CA047,2021.0,primavera,23.8,,7.9,7.6,0.0,0.0,0.0,0.0,3000.0,230.0,240.0,4.7,,0.33,0.31,5.2,10.0,,52.0,3121707.0,3049672.0
EN-adic,2021.0,primavera,,28.0,,,0.0,0.0,0.0,0.0,6000.0,200.0,20.0,7.5,0.07,0.43,0.19,5.6,31.0,,46.0,63997.0,37375.0
EN081,2021.0,verano,23.8,20.0,8.27,7.98,0.0,0.0,0.0,0.0,2200.0,50.0,30.0,7.0,0.16,1.1,0.41,3.1,39.0,,51.0,63997.0,37375.0
EN081,2021.0,otoño,12.9,12.0,12.04,9.32,0.0,0.0,0.0,0.0,300.0,20.0,10.0,5.4,7.0,0.57,0.57,4.1,,60.0,56.0,63997.0,37375.0
EN081,2021.0,primavera,22.7,27.0,12.22,9.18,0.0,0.0,0.0,0.0,300.0,20.0,4.0,6.9,0.14,0.33,0.16,7.1,45.0,,58.0,63997.0,37375.0
EN082,2021.0,verano,24.5,20.0,4.1,7.58,0.0,0.0,0.0,0.0,1300.0,100.0,280.0,7.5,0.2,0.88,0.33,,40.0,,50.0,63997.0,37375.0
EN082,2021.0,otoño,14.2,12.0,11.48,8.95,0.0,0.0,0.0,0.0,400.0,30.0,10.0,6.4,0.26,0.26,0.26,2.1,,45.0,72.0,63997.0,37375.0
EN082,2021.0,invierno,11.4,4.0,12.47,9.44,0.0,0.0,0.0,0.0,300.0,100.0,110.0,5.1,1.1,0.41,0.37,8.8,31.0,,58.0,63997.0,37375.0
EN082,2021.0,primavera,24.7,27.0,8.57,8.17,0.0,0.0,0.0,0.0,100.0,5.0,6.0,6.2,0.61,0.21,0.18,2.1,14.0,,65.0,63997.0,37375.0
EN083,2021.0,verano,22.9,20.0,0.59,7.36,0.0,0.0,0.0,1.0,3000.0,400.0,300.0,6.6,2.4,1.0,0.63,5.8,36.0,,40.0,63997.0,37375.0
EN083,2021.0,otoño,14.5,11.0,4.47,7.68,0.0,0.0,0.0,0.0,10000.0,2800.0,1600.0,6.5,4.3,0.38,0.38,3.8,,16.0,38.0,63997.0,37375.0
EN083,2021.0,invierno,12.1,4.0,12.72,9.25,0.0,0.0,0.0,0.0,700.0,20.0,50.0,4.4,0.7,,0.11,5.2,23.0,,67.0,63997.0,37375.0
EN083,2021.0,primavera,22.4,27.0,3.91,7.56,0.0,0.0,0.0,0.0,6100.0,5100.0,660.0,4.6,4.1,0.28,,12.0,15.0,,39.0,63997.0,37375.0
EN084,2021.0,verano,24.7,20.0,5.61,7.67,0.0,0.0,0.0,0.0,160.0,120.0,90.0,8.2,0.1,0.61,0.25,,26.0,,57.0,63997.0,37375.0
EN084,2021.0,otoño,14.4,11.0,9.11,8.1,0.0,0.0,0.0,0.0,600.0,100.0,20.0,8.1,0.06,0.23,0.23,3.2,,39.0,74.0,63997.0,37375.0
EN084,2021.0,invierno,12.9,4.0,9.27,8.04,0.0,0.0,0.0,0.0,500.0,100.0,380.0,3.5,2.9,0.28,0.14,6.3,19.0,,60.0,63997.0,37375.0
EN084,2021.0,primavera,22.0,27.0,8.7,8.15,0.0,0.0,0.0,0.0,400.0,100.0,225.0,7.9,0.74,0.22,0.13,3.9,25.0,,58.0,63997.0,37375.0
QU061,2021.0,verano,24.9,18.0,4.84,7.36,0.0,0.0,0.0,0.0,1800.0,520.0,90.0,4.0,1.5,1.2,0.51,,23.0,,45.0,633391.0,469008.0
QU061,2021.0,otoño,14.5,11.0,8.65,7.47,0.0,0.0,0.0,1.0,6000.0,1000.0,20.0,3.8,1.4,0.87,0.87,8.9,,50.0,44.0,633391.0,469008.0
QU061,2021.0,invierno,14.5,7.0,9.29,7.29,0.0,0.0,0.0,1.0,12000.0,50.0,5.0,3.2,0.1,0.52,0.41,6.6,29.0,,49.0,633391.0,469008.0
QU061,2021.0,primavera,23.1,28.0,8.83,7.43,1.0,0.0,0.0,0.0,4000.0,500.0,5.0,,0.8,0.24,0.53,6.2,9.9,,50.0,633391.0,469008.0
QU062,2021.0,verano,20.8,18.0,7.17,7.57,0.0,0.0,0.0,0.0,3800.0,1000.0,180.0,4.4,1.2,0.98,0.49,,22.0,,44.0,633391.0,469008.0
QU062,2021.0,otoño,14.0,11.0,6.99,7.5,0.0,0.0,0.0,1.0,5000.0,2800.0,40.0,4.3,3.0,0.53,0.53,4.0,,95.0,44.0,633391.0,469008.0
QU062,2021.0,invierno,13.6,7.0,8.97,8.24,0.0,0.0,0.0,0.0,2000.0,100.0,10.0,4.8,0.2,0.38,0.29,6.8,30.0,,64.0,633391.0,469008.0
QU062,2021.0,primavera,23.5,28.0,8.84,7.59,0.0,0.0,0.0,0.0,3000.0,100.0,34.0,5.1,1.6,0.32,0.29,5.8,16.0,,53.0,633391.0,469008.0
QU063,2021.0,verano,25.5,18.0,4.66,7.34,0.0,0.0,0.0,1.0,400.0,380.0,30.0,5.1,0.76,1.0,0.43,4.0,31.0,,46.0,633391.0,469008.0
QU063,2021.0,otoño,15.0,11.0,7.58,7.42,0.0,0.0,0.0,0.0,7000.0,2000.0,10.0,4.4,0.82,0.73,0.73,7.0,,70.0,48.0,633391.0,469008.0
QU063,2021.0,invierno,13.1,7.0,8.63,7.93,0.0,0.0,0.0,0.0,10000.0,500.0,140.0,3.7,1.0,0.46,0.34,8.1,18.0,,47.0,633391.0,469008.0
QU063,2021.0,primavera,24.3,28.0,13.18,8.11,0.0,0.0,0.0,0.0,2800.0,100.0,40.0,2.9,0.6,0.57,0.51,4.4,11.0,,49.0,633391.0,469008.0
SF015,2021.0,verano,26.0,26.0,3.84,6.92,0.0,0.0,0.0,0.0,4000.0,2500.0,960.0,3.5,1.7,0.84,0.36,3.0,55.0,,41.0,171616.0,157308.0
SF015,2021.0,invierno,18.0,12.0,5.95,7.32,0.0,0.0,0.0,0.0,3000.0,100.0,40.0,2.3,1.0,0.26,0.3,2.7,25.0,,60.0,171616.0,157308.0
SF015,2021.0,primavera,22.0,25.0,3.61,8.13,0.0,0.0,0.0,0.0,3000.0,300.0,30.0,,1.1,0.27,0.29,2.3,17.0,,51.0,171616.0,157308.0
SI022,2021.0,verano,27.8,28.0,4.84,7.69,0.0,0.0,0.0,0.0,5100.0,2000.0,260.0,4.6,0.69,0.85,0.3,,27.0,,42.0,297282.0,275528.0
SI022,2021.0,otoño,16.0,17.0,9.37,8.01,0.0,0.0,0.0,0.0,88000.0,6000.0,1300.0,6.6,0.97,0.27,0.27,8.7,,210.0,36.0,297282.0,275528.0
SI022,2021.0,invierno,16.0,13.5,8.02,7.52,0.0,0.0,0.0,0.0,1000.0,1000.0,100.0,7.0,0.8,0.35,0.35,5.5,20.0,,58.0,297282.0,275528.0
SI022,2021.0,primavera,25.0,32.0,6.4,7.4,0.0,0.0,0.0,0.0,15000.0,2400.0,290.0,3.4,2.1,0.31,0.27,2.8,11.0,,42.0,297282.0,275528.0
SI023,2021.0,verano,28.0,28.0,3.6,7.67,0.0,0.0,0.0,1.0,40000.0,37000.0,4800.0,2.8,4.2,0.86,0.53,4.8,5.2,,33.0,297282.0,275528.0
SI023,2021.0,otoño,18.0,17.0,3.29,7.42,0.0,0.0,0.0,0.0,15000.0,12000.0,2000.0,22.1,5.0,0.51,0.51,4.3,,6.9,38.0,297282.0,275528.0
SI023,2021.0,invierno,17.0,14.0,4.07,7.27,0.0,0.0,0.0,0.0,80000.0,5000.0,2800.0,21.0,1.6,0.41,0.45,4.1,9.0,,36.0,297282.0,275528.0
SI023,2021.0,primavera,26.0,32.5,5.9,7.3,0.0,0.0,0.0,0.0,5000.0,2000.0,450.0,9.0,0.6,0.36,0.32,3.1,9.4,,46.0,297282.0,275528.0
SI024,2021.0,verano,27.0,28.0,5.66,7.82,0.0,0.0,0.0,1.0,7600.0,7000.0,270.0,5.5,0.37,0.56,0.34,,35.0,,42.0,297282.0,275528.0
SI024,2021.0,otoño,15.0,16.0,9.44,7.99,0.0,0.0,0.0,0.0,2500.0,2000.0,100.0,6.2,0.82,0.36,0.36,13.0,,340.0,48.0,297282.0,275528.0
SI024,2021.0,invierno,15.7,14.5,8.14,7.03,0.0,0.0,0.0,0.0,14000.0,4400.0,700.0,5.4,0.5,0.35,0.37,5.5,23.0,,41.0,297282.0,275528.0
SI024,2021.0,primavera,27.5,32.0,7.19,7.55,0.0,0.0,0.0,0.0,4000.0,300.0,30.0,5.6,0.1,0.31,0.3,,7.6,,54.0,297282.0,275528.0
TI001,2021.0,verano,25.6,27.0,3.91,6.96,0.0,0.0,0.0,1.0,4000.0,1000.0,330.0,6.5,0.4,0.92,0.37,,60.0,,42.0,446949.0,144834.0
TI001,2021.0,otoño,15.6,13.0,8.28,6.79,0.0,0.0,0.0,0.0,4000.0,200.0,50.0,3.0,0.98,0.2,0.2,4.1,,110.0,48.0,446949.0,144834.0
TI001,2021.0,invierno,14.8,13.0,9.9,7.09,0.0,0.0,0.0,0.0,1000.0,200.0,68.0,2.1,1.1,,,,27.0,,64.0,446949.0,144834.0
TI001,2021.0,primavera,24.4,29.0,7.28,6.91,0.0,0.0,0.0,1.0,400.0,200.0,65.0,2.7,0.44,0.27,0.12,,45.0,,55.0,446949.0,144834.0
TI002,2021.0,verano,24.6,24.0,1.21,7.12,1.0,1.0,1.0,1.0,20000.0,18000.0,4600.0,2.8,6.0,0.68,0.56,6.3,17.0,,26.0,446949.0,144834.0
TI002,2021.0,otoño,15.7,13.0,4.82,7.04,0.0,0.0,0.0,0.0,80000.0,60000.0,5600.0,2.9,4.3,0.51,0.51,4.8,,70.0,36.0,446949.0,144834.0
TI002,2021.0,invierno,14.7,14.0,2.3,6.8,1.0,0.0,0.0,0.0,30000.0,10000.0,240.0,,3.0,0.57,0.58,5.0,21.0,,34.0,446949.0,144834.0
TI002,2021.0,primavera,24.6,29.0,1.81,6.71,1.0,1.0,0.0,1.0,4000.0,1000.0,1350.0,,3.1,0.47,0.39,6.0,19.0,,34.0,446949.0,144834.0
TI003,2021.0,verano,24.0,24.0,2.9,6.82,0.0,1.0,0.0,1.0,4000.0,400.0,20.0,2.6,0.85,0.59,0.29,,33.0,,42.0,446949.0,144834.0
TI003,2021.0,otoño,15.1,13.0,4.87,7.05,0.0,0.0,0.0,0.0,40000.0,20000.0,1500.0,2.9,4.5,0.5,0.5,7.5,,110.0,35.0,446949.0,144834.0
TI003,2021.0,invierno,14.4,11.0,3.31,6.79,0.0,0.0,0.0,0.0,10000.0,10000.0,1700.0,2.1,2.8,0.44,0.48,4.6,20.0,,40.0,446949.0,144834.0
TI003,2021.0,primavera,23.8,31.0,4.71,6.77,0.0,0.0,0.0,1.0,3000.0,2000.0,10.0,2.0,0.3,0.2,0.19,,33.0,,49.0,446949.0,144834.0
TI004,2021.0,verano,24.8,22.0,2.95,6.81,1.0,0.0,1.0,0.0,8000.0,2200.0,800.0,3.2,2.3,0.89,0.44,2.3,50.0,,35.0,446949.0,144834.0
TI004,2021.0,otoño,15.3,13.0,4.74,6.75,1.0,1.0,0.0,0.0,82000.0,25000.0,2100.0,2.9,3.2,0.44,0.44,7.2,,110.0,29.0,446949.0,144834.0
TI004,2021.0,invierno,14.8,14.0,5.33,6.82,1.0,0.0,0.0,0.0,1000.0,500.0,100.0,2.2,0.8,0.36,0.35,2.1,21.0,,57.0,446949.0,144834.0
TI004,2021.0,primavera,24.7,31.0,5.07,6.75,1.0,1.0,0.0,1.0,6200.0,1400.0,200.0,2.2,,0.21,0.2,2.2,31.0,,42.0,446949.0,144834.0
TI005,2021.0,verano,24.5,22.0,1.86,7.11,1.0,1.0,0.0,1.0,20000.0,8000.0,1940.0,3.1,6.9,1.5,0.96,,13.0,,28.0,446949.0,144834.0
TI005,2021.0,otoño,15.3,12.0,4.25,6.74,1.0,1.0,0.0,0.0,120000.0,48000.0,4600.0,2.8,4.5,0.55,0.55,6.5,,85.0,31.0,446949.0,144834.0
TI005,2021.0,invierno,14.4,8.0,1.46,6.8,1.0,1.0,1.0,0.0,100000.0,10000.0,400.0,,5.7,0.65,0.68,8.6,16.0,,30.0,446949.0,144834.0
TI005,2021.0,primavera,23.0,27.0,0.82,7.19,1.0,1.0,0.0,1.0,30000.0,5000.0,1340.0,,9.7,1.1,1.3,12.0,13.0,,28.0,446949.0,144834.0
TI006,2021.0,verano,25.7,26.0,4.31,7.4,0.0,1.0,0.0,0.0,,,,3.9,0.21,1.1,0.27,3.7,31.0,,49.0,446949.0,144834.0
TI006,2021.0,otoño,15.7,13.0,6.9,7.0,0.0,0.0,0.0,0.0,30000.0,1000.0,800.0,2.9,0.57,0.19,,4.3,,150.0,39.0,446949.0,144834.0
TI006,2021.0,invierno,14.5,13.0,2.54,6.8,0.0,0.0,0.0,0.0,10000.0,2000.0,150.0,,4.7,0.48,0.57,6.8,22.0,,43.0,446949.0,144834.0
TI006,2021.0,primavera,25.4,33.0,6.2,6.9,0.0,0.0,0.0,1.0,2000.0,1000.0,58.0,4.2,3.3,,0.14,,36.0,,48.0,446949.0,144834.0
TI007,2021.0,verano,25.1,28.0,2.35,6.82,1.0,1.0,0.0,1.0,4000.0,2500.0,2000.0,3.1,,1.3,0.51,3.7,31.0,,30.0,446949.0,144834.0
TI007,2021.0,otoño,15.9,8.0,1.61,6.7,1.0,0.0,0.0,0.0,9000.0,2000.0,100.0,3.0,5.6,0.62,0.62,7.3,,45.0,40.0,446949.0,144834.0
TI007,2021.0,invierno,14.4,8.0,4.88,6.76,1.0,1.0,1.0,0.0,14000.0,2000.0,690.0,2.1,2.5,0.43,0.37,2.9,16.0,,35.0,446949.0,144834.0
TI007,2021.0,primavera,24.2,32.0,3.9,6.71,0.0,1.0,0.0,1.0,15000.0,12000.0,430.0,,1.8,0.25,0.39,4.2,21.0,,34.0,446949.0,144834.0
TI008,2021.0,verano,26.7,28.0,5.85,6.8,0.0,0.0,0.0,0.0,2000.0,440.0,200.0,3.1,0.06,0.94,0.31,,80.0,,49.0,446949.0,144834.0
TI008,2021.0,otoño,15.2,12.0,8.63,6.92,0.0,0.0,0.0,0.0,,,,2.8,0.16,0.19,,3.9,,160.0,75.0,446949.0,144834.0
TI008,2021.0,invierno,14.6,9.0,10.08,6.88,0.0,0.0,0.0,0.0,1000.0,600.0,100.0,2.1,0.3,,,,22.0,,65.0,446949.0,144834.0
TI008,2021.0,primavera,24.8,32.0,7.27,7.13,0.0,0.0,0.0,0.0,8000.0,150.0,40.0,,0.09,,,,32.0,,49.0,446949.0,144834.0
TI009,2021.0,verano,24.7,28.0,4.17,6.85,0.0,0.0,0.0,0.0,1900.0,360.0,150.0,2.5,0.34,0.59,0.3,,50.0,,49.0,446949.0,144834.0
TI009,2021.0,otoño,12.8,8.0,8.2,6.89,0.0,0.0,0.0,0.0,5300.0,400.0,90.0,3.0,0.98,0.19,,5.8,,140.0,46.0,446949.0,144834.0
TI009,2021.0,invierno,13.8,11.0,9.5,7.06,0.0,0.0,0.0,0.0,,,,2.2,,,,,29.0,,80.0,446949.0,144834.0
TI009,2021.0,primavera,24.0,32.0,6.12,6.96,0.0,0.0,0.0,0.0,5000.0,2000.0,40.0,4.0,0.44,,0.1,,33.0,,49.0,446949.0,144834.0
VL031,2021.0,verano,24.7,26.0,6.2,7.31,0.0,0.0,0.0,1.0,4000.0,100.0,100.0,7.1,0.39,1.6,0.43,,45.0,,46.0,282281.0,273863.0
VL031,2021.0,otoño,14.8,13.4,8.37,7.96,0.0,0.0,0.0,0.0,10000.0,7500.0,2300.0,6.3,2.1,0.36,0.36,6.1,,120.0,39.0,282281.0,273863.0
VL031,2021.0,invierno,14.0,11.0,9.08,7.59,0.0,0.0,0.0,0.0,20000.0,7000.0,800.0,5.2,0.1,0.31,0.32,4.7,16.0,,43.0,282281.0,273863.0
VL031,2021.0,primavera,22.4,24.2,7.21,7.17,0.0,0.0,0.0,0.0,8000.0,3000.0,300.0,5.2,,0.28,0.26,2.2,9.3,,46.0,282281.0,273863.0
VL032,2021.0,verano,25.7,26.0,4.7,6.66,0.0,0.0,0.0,1.0,5000.0,4000.0,820.0,5.6,0.7,1.2,0.33,,29.0,,37.0,282281.0,273863.0
VL032,2021.0,otoño,14.8,13.8,9.32,7.81,0.0,0.0,0.0,0.0,4000.0,2000.0,1400.0,5.7,0.9,0.3,0.3,9.8,,220.0,43.0,282281.0,273863.0
VL032,2021.0,invierno,13.5,11.0,9.4,7.5,0.0,0.0,0.0,0.0,20000.0,3000.0,900.0,5.7,0.3,0.32,0.31,4.0,24.0,,44.0,282281.0,273863.0
VL032,2021.0,primavera,23.6,24.2,7.0,7.14,0.0,0.0,1.0,1.0,28000.0,300.0,500.0,6.1,0.6,0.32,0.3,2.1,7.1,,37.0,282281.0,273863.0
VL033,2021.0,verano,25.5,26.0,4.07,6.92,0.0,0.0,0.0,0.0,5000.0,4500.0,350.0,6.7,0.66,0.83,0.32,,29.0,,41.0,282281.0,273863.0
VL033,2021.0,otoño,15.0,13.8,10.01,7.59,0.0,0.0,0.0,0.0,6000.0,2000.0,830.0,5.8,0.9,0.36,0.36,8.9,,250.0,43.0,282281.0,273863.0
VL033,2021.0,invierno,13.8,11.0,8.9,7.81,0.0,0.0,0.0,0.0,5000.0,400.0,100.0,4.9,0.3,0.34,0.37,4.9,19.0,,54.0,282281.0,273863.0
VL033,2021.0,primavera,25.8,24.6,8.12,7.24,0.0,0.0,0.0,0.0,8300.0,900.0,360.0,4.9,1.1,0.34,0.3,3.2,6.0,,45.0,282281.0,273863.0
AV051,2022.0,verano,25.7,22.2,4.13,7.58,0.0,0.0,0.0,0.0,5200.0,600.0,180.0,6.9,0.97,0.42,0.34,5.2,22.0,0.0,45.0,367554.0,289059.0
AV051,2022.0,otoño,17.8,14.0,4.28,7.42,0.0,0.0,0.0,0.0,270000.0,6000.0,300.0,3.9,2.0,0.45,0.42,4.1,45.0,0.0,36.0,367554.0,289059.0
AV051,2022.0,invierno,14.06,14.0,6.19,7.51,0.0,0.0,0.0,0.0,40000.0,3.0,600.0,12.6,1.5,0.31,0.31,3.7,50.0,0.0,38.0,367554.0,289059.0
AV051,2022.0,primavera,18.43,13.0,5.37,,0.0,0.0,0.0,0.0,1400.0,1350.0,80.0,3.6,2.2,0.57,0.54,,16.0,0.0,52.0,367554.0,289059.0
AV052,2022.0,verano,26.3,25.2,4.43,7.81,0.0,0.0,0.0,0.0,2500.0,2000.0,140.0,8.6,0.049,0.69,0.52,9.2,17.0,0.0,44.0,367554.0,289059.0
AV052,2022.0,otoño,18.4,14.0,4.46,7.5,0.0,0.0,0.0,0.0,103000.0,35000.0,640.0,11.5,,0.79,0.73,,23.0,0.0,38.0,367554.0,289059.0
AV052,2022.0,invierno,14.6,14.0,5.36,7.48,0.0,0.0,0.0,0.0,40000.0,5.0,670.0,13.3,2.0,0.34,0.34,5.0,28.0,0.0,38.0,367554.0,289059.0
AV052,2022.0,primavera,18.5,14.0,6.6,,0.0,0.0,0.0,0.0,1000.0,800.0,20.0,3.3,2.5,0.55,0.54,,18.0,0.0,43.0,367554.0,289059.0
AV053,2022.0,verano,25.8,25.2,9.29,8.83,0.0,0.0,0.0,0.0,3800.0,1600.0,1100.0,6.5,1.9,0.8,0.69,14.0,13.0,0.0,39.0,367554.0,289059.0
AV053,2022.0,otoño,17.9,14.0,3.43,7.46,0.0,0.0,0.0,0.0,20000.0,4200.0,230.0,3.7,2.9,0.65,0.53,,22.0,0.0,39.0,367554.0,289059.0
AV053,2022.0,invierno,16.6,14.0,5.36,7.66,0.0,0.0,0.0,0.0,92000.0,6.0,610.0,10.8,4.1,0.27,0.27,6.5,13.0,0.0,37.0,367554.0,289059.0
AV053,2022.0,primavera,17.1,14.0,7.06,8.0,0.0,0.0,0.0,0.0,1300.0,1000.0,120.0,3.6,1.6,0.67,0.52,,21.0,0.0,40.0,367554.0,289059.0
AV054,2022.0,verano,27.4,22.2,3.63,7.43,0.0,0.0,0.0,0.0,2700.0,2100.0,350.0,10.0,0.049,0.65,0.65,5.2,12.0,0.0,44.0,367554.0,289059.0
AV054,2022.0,otoño,17.8,14.0,4.78,7.47,0.0,0.0,0.0,0.0,80000.0,5000.0,850.0,4.3,1.7,0.52,0.43,4.2,75.0,0.0,37.0,367554.0,289059.0
AV054,2022.0,invierno,15.03,14.0,3.09,7.23,0.0,0.0,0.0,0.0,120000.0,6.0,660.0,13.0,3.3,0.54,0.54,6.8,25.0,0.0,35.0,367554.0,289059.0
AV054,2022.0,primavera,18.89,12.0,3.99,,0.0,0.0,0.0,0.0,700.0,500.0,40.0,3.2,3.3,0.78,0.66,,14.0,0.0,37.0,367554.0,289059.0
AV055,2022.0,verano,25.1,25.2,7.51,8.62,0.0,0.0,0.0,0.0,1400.0,300.0,2200.0,8.9,0.8,0.85,0.49,15.0,19.0,0.0,39.0,367554.0,289059.0
AV055,2022.0,otoño,17.0,14.0,2.28,7.6,0.0,0.0,0.0,0.0,420000.0,28000.0,1100.0,3.4,4.8,1.2,0.88,,13.0,0.0,35.0,367554.0,289059.0
AV055,2022.0,invierno,15.7,14.0,5.07,7.55,0.0,0.0,0.0,0.0,70000.0,6.0,600.0,12.6,3.1,0.42,0.42,5.0,12.0,0.0,37.0,367554.0,289059.0
AV055,2022.0,primavera,18.5,14.0,6.1,,0.0,0.0,0.0,0.0,6000.0,6000.0,100.0,3.3,1.3,,0.4,,15.0,0.0,40.0,367554.0,289059.0
BS091,2022.0,verano,20.0,18.0,6.03,7.3,0.0,0.0,0.0,0.0,3500.0,200.0,1800.0,1.9,0.23,1.4,0.44,5.4,18.0,0.0,44.0,100930.0,47630.0
BS091,2022.0,otoño,7.0,10.0,,7.6,0.0,0.0,0.0,0.0,1400.0,400.0,1160.0,6.4,0.41,0.28,0.22,2.5,12.0,0.0,50.0,100930.0,47630.0
BS091,2022.0,invierno,10.0,12.0,,8.32,0.0,0.0,0.0,0.0,9000.0,2.0,570.0,16.2,5.4,1.3,1.0,,25.0,0.0,38.0,100930.0,47630.0
BS091,2022.0,primavera,10.0,12.0,,,0.0,0.0,0.0,1.0,1400.0,1000.0,380.0,4.6,0.8,0.45,0.43,,40.0,0.0,49.0,100930.0,47630.0
BS092,2022.0,verano,22.0,20.0,6.59,7.91,0.0,0.0,0.0,0.0,700.0,100.0,360.0,2.9,0.049,1.3,0.5,5.0,11.0,0.0,50.0,100930.0,47630.0
BS092,2022.0,otoño,8.0,13.0,,7.76,0.0,0.0,0.0,0.0,30000.0,10000.0,800.0,12.5,,0.39,0.32,5.8,19.0,0.0,41.0,100930.0,47630.0
BS092,2022.0,invierno,12.0,14.0,,8.27,0.0,0.0,0.0,0.0,50000.0,16.0,3.0,4.1,12.0,1.2,1.2,12.0,,0.0,34.0,100930.0,47630.0
BS092,2022.0,primavera,10.0,12.0,,,0.0,0.0,0.0,1.0,800.0,600.0,400.0,6.9,0.38,0.24,0.24,,23.0,0.0,43.0,100930.0,47630.0
BS093,2022.0,verano,20.0,17.0,6.99,7.75,0.0,0.0,0.0,0.0,6000.0,100.0,7500.0,1.9,0.18,0.54,0.85,2.4,110.0,0.0,42.0,100930.0,47630.0
BS093,2022.0,otoño,6.0,9.0,,8.59,0.0,0.0,0.0,0.0,600.0,330.0,190.0,6.8,,0.29,0.27,2.0,75.0,0.0,55.0,100930.0,47630.0
BS093,2022.0,invierno,9.0,11.0,,8.44,0.0,0.0,0.0,0.0,1300.0,200.0,40.0,3.3,2.0,0.59,0.59,5.7,28.0,0.0,46.0,100930.0,47630.0
BS093,2022.0,primavera,10.0,12.0,,,0.0,0.0,0.0,1.0,900.0,600.0,480.0,5.1,0.21,0.48,0.35,,70.0,0.0,34.0,100930.0,47630.0
BS094,2022.0,verano,20.0,17.0,7.4,7.84,0.0,0.0,0.0,0.0,5000.0,200.0,1100.0,2.2,0.45,0.44,0.68,,130.0,0.0,44.0,100930.0,47630.0
BS094,2022.0,otoño,7.0,10.0,9.1,8.47,0.0,0.0,0.0,0.0,600.0,230.0,260.0,6.1,0.11,0.25,0.21,,70.0,0.0,59.0,100930.0,47630.0
BS094,2022.0,invierno,10.0,12.0,,8.95,0.0,0.0,0.0,0.0,400.0,200.0,30.0,5.0,0.17,0.26,1.4,4.6,37.0,0.0,41.0,100930.0,47630.0
BS094,2022.0,primavera,10.0,12.0,,,0.0,0.0,0.0,1.0,1800.0,1500.0,500.0,5.2,0.55,0.27,0.27,,90.0,0.0,39.0,100930.0,47630.0
BS095,2022.0,verano,20.0,18.0,6.56,8.11,1.0,1.0,1.0,1.0,150000.0,2800.0,20000.0,2.0,0.049,1.5,1.3,8.4,4.1,0.0,31.0,100930.0,47630.0
BS095,2022.0,otoño,8.0,12.0,7.2,7.99,1.0,1.0,1.0,1.0,400000.0,,,,8.5,1.2,0.85,7.1,3.3,0.0,29.0,100930.0,47630.0
BS095,2022.0,invierno,11.0,14.0,,8.13,1.0,1.0,1.0,1.0,700000.0,440.0,30.0,2.1,19.0,1.4,1.4,21.0,11.0,0.0,23.0,100930.0,47630.0
BS095,2022.0,primavera,10.0,12.0,,,0.0,1.0,0.0,1.0,80000.0,80000.0,12000.0,5.2,1.2,,0.39,,18.2,0.0,37.0,100930.0,47630.0
BZ077,2022.0,otoño,16.7,15.0,12.0,8.81,0.0,0.0,0.0,0.0,280000.0,3600.0,1580.0,10.0,0.18,0.7,0.67,12.0,45.0,0.0,36.0,358712.0,267760.0
BZ077,2022.0,invierno,10.01,16.0,10.22,8.22,1.0,0.0,0.0,1.0,20000.0,290.0,50.0,12.2,1.9,0.4,0.4,12.0,13.0,0.0,33.0,358712.0,267760.0
BZ077,2022.0,primavera,18.06,16.0,10.39,,0.0,0.0,0.0,0.0,360.0,330.0,100.0,8.5,0.66,0.31,0.31,,25.0,0.0,39.0,358712.0,267760.0
BZ078,2022.0,verano,23.0,20.0,7.91,7.93,0.0,0.0,0.0,0.0,3000.0,100.0,450.0,4.1,0.08,0.37,0.27,12.0,45.0,0.0,48.0,358712.0,267760.0
BZ078,2022.0,otoño,15.8,15.0,10.83,9.39,1.0,0.0,0.0,0.0,70000.0,2000.0,370.0,5.8,,0.54,0.54,16.0,60.0,0.0,36.0,358712.0,267760.0
BZ078,2022.0,invierno,11.01,17.0,10.01,6.37,0.0,0.0,0.0,0.0,100000.0,13.0,2.0,8.5,5.2,0.62,0.62,14.0,10.0,0.0,33.0,358712.0,267760.0
BZ078,2022.0,primavera,15.04,11.0,11.02,,0.0,0.0,0.0,0.0,1600.0,1600.0,320.0,7.2,0.45,0.88,0.28,,37.0,0.0,40.0,358712.0,267760.0
BZ080,2022.0,verano,26.0,23.0,9.58,9.01,0.0,0.0,0.0,0.0,1100.0,300.0,1500.0,4.0,0.08,0.57,0.58,7.2,85.0,0.0,40.0,358712.0,267760.0
BZ080,2022.0,otoño,17.0,17.0,17.61,9.98,0.0,0.0,0.0,0.0,20000.0,1000.0,800.0,6.2,,0.52,0.43,18.0,60.0,0.0,40.0,358712.0,267760.0
BZ080,2022.0,invierno,15.1,15.2,11.82,8.37,0.0,0.0,0.0,0.0,58000.0,500.0,80.0,12.2,1.5,0.36,0.36,9.0,14.0,0.0,38.0,358712.0,267760.0
BZ080,2022.0,primavera,18.7,12.0,8.54,,0.0,0.0,0.0,0.0,600.0,500.0,270.0,5.9,0.22,0.51,0.31,,34.0,0.0,40.0,358712.0,267760.0
CA041,2022.0,verano,26.1,,4.8,7.4,0.0,0.0,0.0,0.0,1800.0,1300.0,10.0,4.6,1.2,0.24,0.2,,22.0,,54.0,3121707.0,3049672.0
CA041,2022.0,otoño,17.7,,7.8,7.6,0.0,0.0,0.0,0.0,26000.0,10000.0,960.0,10.1,0.77,,0.19,,71.0,0.0,42.0,3121707.0,3049672.0
CA044,2022.0,verano,25.4,,7.3,7.4,0.0,0.0,0.0,0.0,900.0,700.0,30.0,4.0,0.9,0.33,0.36,11.0,22.0,,59.0,3121707.0,3049672.0
CA044,2022.0,otoño,16.4,,6.2,7.3,0.0,0.0,0.0,0.0,20000.0,15000.0,800.0,7.1,1.16,,0.2,,84.0,0.0,42.0,3121707.0,3049672.0
CA044,2022.0,invierno,14.6,,7.0,7.6,0.0,0.0,0.0,0.0,90000.0,30.0,2.0,13.7,2.9,,0.4,,54.0,0.0,36.0,3121707.0,3049672.0
CA046,2022.0,verano,24.7,,5.6,7.4,0.0,0.0,0.0,0.0,1300.0,600.0,100.0,3.1,0.6,0.22,0.2,7.0,35.0,,60.0,3121707.0,3049672.0
CA046,2022.0,otoño,18.2,,5.0,7.4,0.0,0.0,0.0,0.0,104000.0,50000.0,5000.0,9.7,2.05,,0.18,,85.0,0.0,39.0,3121707.0,3049672.0
CA046,2022.0,invierno,14.9,,8.9,7.8,0.0,0.0,0.0,0.0,1600000.0,18.0,2.0,11.7,2.0,,0.39,,67.0,0.0,36.0,3121707.0,3049672.0
CA047,2022.0,verano,24.7,,8.0,7.5,0.0,0.0,0.0,0.0,400.0,200.0,20.0,5.1,0.5,0.18,0.35,4.9,31.0,,76.0,3121707.0,3049672.0
CA047,2022.0,otoño,16.4,,9.0,7.4,0.0,0.0,0.0,0.0,19000.0,5000.0,560.0,8.2,0.77,,0.17,,75.0,0.0,43.0,3121707.0,3049672.0
CA047,2022.0,invierno,15.1,,10.0,7.8,0.0,0.0,0.0,0.0,4000.0,3.0,300.0,11.5,0.75,,0.37,,48.0,0.0,45.0,3121707.0,3049672.0
EN-extra,2022.0,verano,,25.0,,,0.0,0.0,0.0,0.0,,,,5.6,0.049,0.33,0.32,3.1,45.0,0.0,55.0,63997.0,37375.0
EN-extra,2022.0,otoño,,8.0,,,0.0,0.0,0.0,0.0,1800.0,400.0,50.0,3.9,,0.53,0.52,9.4,90.0,0.0,51.0,63997.0,37375.0
EN-extra,2022.0,invierno,,16.0,,,0.0,0.0,0.0,0.0,2600.0,200.0,10.0,13.3,0.88,0.35,0.27,9.4,16.0,0.0,42.0,63997.0,37375.0
EN-extra,2022.0,primavera,,10.0,,,0.0,0.0,0.0,0.0,150.0,100.0,30.0,6.2,0.14,0.6,0.38,,39.0,0.0,41.0,63997.0,37375.0
EN081,2022.0,verano,23.4,27.0,10.34,9.16,1.0,1.0,1.0,1.0,1200.0,100.0,40.0,5.2,0.06,0.39,0.38,4.7,65.0,0.0,42.0,63997.0,37375.0
EN081,2022.0,otoño,13.6,8.0,12.84,10.02,0.0,0.0,0.0,0.0,1600.0,50.0,10.0,4.7,,0.4,0.37,5.4,90.0,0.0,59.0,63997.0,37375.0
EN081,2022.0,invierno,13.9,10.0,10.88,8.52,0.0,0.0,0.0,0.0,2400.0,370.0,140.0,13.2,5.6,0.95,0.95,9.3,16.0,0.0,42.0,63997.0,37375.0
EN081,2022.0,primavera,16.0,7.0,11.05,,0.0,0.0,0.0,0.0,210.0,80.0,90.0,5.9,0.15,0.36,0.21,,31.0,0.0,38.0,63997.0,37375.0
EN082,2022.0,verano,24.7,27.0,7.17,8.11,0.0,0.0,0.0,0.0,750.0,300.0,130.0,6.3,0.049,0.35,0.24,1.9,34.0,0.0,56.0,63997.0,37375.0
EN082,2022.0,otoño,14.3,8.0,8.57,8.09,0.0,0.0,0.0,0.0,500.0,20.0,10.0,8.4,,0.23,0.17,,55.0,0.0,64.0,63997.0,37375.0
EN082,2022.0,invierno,13.0,10.0,8.14,8.14,0.0,0.0,0.0,0.0,4000.0,110.0,113.0,14.4,0.33,0.26,0.26,6.5,18.0,0.0,45.0,63997.0,37375.0
EN082,2022.0,primavera,17.2,6.0,8.38,,0.0,0.0,0.0,0.0,95.0,35.0,50.0,5.7,0.41,0.29,0.23,,26.0,0.0,41.0,63997.0,37375.0
EN083,2022.0,verano,24.2,27.0,3.54,7.76,0.0,0.0,0.0,0.0,5000.0,400.0,850.0,13.1,0.049,0.33,0.21,7.4,12.0,0.0,46.0,63997.0,37375.0
EN083,2022.0,otoño,14.5,8.0,5.71,7.52,0.0,0.0,0.0,0.0,20000.0,1100.0,1540.0,21.9,,0.34,0.3,10.0,24.0,0.0,40.0,63997.0,37375.0
EN083,2022.0,invierno,12.8,9.0,2.49,8.01,0.0,0.0,0.0,0.0,192000.0,60.0,24.0,2.0,22.0,1.2,1.2,18.0,,0.0,32.0,63997.0,37375.0
EN083,2022.0,primavera,18.0,4.0,7.36,,0.0,0.0,0.0,0.0,800.0,700.0,220.0,5.4,2.3,0.36,0.23,,23.0,0.0,37.0,63997.0,37375.0
EN084,2022.0,verano,23.9,27.0,8.08,8.31,0.0,0.0,0.0,0.0,1800.0,100.0,80.0,8.0,0.1,0.27,0.22,1.9,35.0,0.0,57.0,63997.0,37375.0
EN084,2022.0,otoño,15.6,8.0,7.75,7.99,0.0,0.0,0.0,0.0,1600.0,200.0,45.0,13.2,,0.23,0.18,2.3,55.0,0.0,55.0,63997.0,37375.0
EN084,2022.0,invierno,12.7,9.0,9.0,8.23,0.0,0.0,0.0,0.0,3000.0,720.0,250.0,14.8,1.9,0.15,0.15,5.1,,0.0,46.0,63997.0,37375.0
EN084,2022.0,primavera,17.1,5.0,8.98,,0.0,0.0,0.0,0.0,130.0,30.0,45.0,6.1,0.4,0.24,0.24,,39.0,0.0,54.0,63997.0,37375.0
QU061,2022.0,verano,23.0,22.0,10.6,8.2,0.0,0.0,0.0,0.0,1200.0,100.0,20.0,6.0,0.049,0.4,0.39,1.9,26.0,0.0,59.0,633391.0,469008.0
QU061,2022.0,otoño,16.0,13.0,5.97,7.05,0.0,0.0,0.0,0.0,27000.0,300.0,5.0,11.9,,0.53,0.5,7.3,34.0,0.0,45.0,633391.0,469008.0
QU061,2022.0,invierno,14.2,14.0,6.21,7.12,0.0,0.0,0.0,0.0,16000.0,130.0,100.0,13.5,3.9,0.63,0.62,7.3,,0.0,42.0,633391.0,469008.0
QU061,2022.0,primavera,18.5,13.0,7.49,,0.0,0.0,0.0,1.0,80.0,70.0,4.0,4.7,1.3,0.31,0.3,,17.0,0.0,62.0,633391.0,469008.0
QU062,2022.0,verano,24.0,23.0,9.59,7.94,0.0,0.0,0.0,0.0,1000.0,100.0,10.0,5.7,0.06,0.39,0.29,,26.0,0.0,48.0,633391.0,469008.0
QU062,2022.0,otoño,16.1,13.0,5.14,6.93,0.0,0.0,0.0,0.0,20000.0,150.0,100.0,12.1,,0.43,0.41,4.3,37.0,0.0,45.0,633391.0,469008.0
QU062,2022.0,invierno,14.3,14.0,5.77,7.16,1.0,0.0,0.0,1.0,27000.0,430.0,100.0,7.7,3.8,0.57,0.46,11.0,17.0,0.0,33.0,633391.0,469008.0
QU062,2022.0,primavera,18.6,13.0,7.38,,0.0,0.0,0.0,1.0,120.0,80.0,20.0,5.1,0.71,0.49,0.31,,20.0,0.0,41.0,633391.0,469008.0
QU063,2022.0,verano,23.0,22.0,12.15,8.5,0.0,0.0,0.0,0.0,1000.0,200.0,10.0,4.3,0.049,0.37,0.31,4.4,36.0,0.0,55.0,633391.0,469008.0
QU063,2022.0,otoño,15.3,13.0,9.97,7.61,0.0,0.0,0.0,0.0,170000.0,110.0,180.0,11.3,0.41,0.49,0.4,9.4,38.0,0.0,40.0,633391.0,469008.0
QU063,2022.0,invierno,13.4,14.0,8.05,7.29,0.0,0.0,0.0,0.0,50000.0,3.0,380.0,16.3,1.1,0.51,0.39,11.0,27.0,0.0,36.0,633391.0,469008.0
QU063,2022.0,primavera,18.3,13.0,7.0,,0.0,0.0,1.0,0.0,900.0,800.0,20.0,5.6,0.64,0.76,0.44,,25.0,0.0,36.0,633391.0,469008.0
SF015,2022.0,verano,21.5,23.0,3.85,6.66,0.0,0.0,0.0,1.0,2200.0,100.0,270.0,5.4,0.049,0.28,0.39,1.9,28.0,0.0,51.0,171616.0,157308.0
SF015,2022.0,otoño,17.0,14.0,5.56,7.3,0.0,0.0,0.0,0.0,90000.0,4200.0,1500.0,5.1,0.98,0.26,0.24,,50.0,0.0,39.0,171616.0,157308.0
SF015,2022.0,invierno,16.3,16.0,5.7,5.0,0.0,0.0,0.0,0.0,740000.0,15.0,5.0,8.7,3.1,0.47,0.47,10.0,19.0,0.0,34.0,171616.0,157308.0
SF015,2022.0,primavera,20.4,14.0,7.78,,0.0,0.0,0.0,0.0,1300.0,1000.0,260.0,3.7,0.74,0.23,0.23,,39.0,0.0,58.0,171616.0,157308.0
SI022,2022.0,verano,27.0,26.0,5.83,6.9,0.0,0.0,0.0,0.0,6000.0,800.0,760.0,5.9,0.75,0.22,0.18,1.9,19.0,0.0,46.0,297282.0,275528.0
SI022,2022.0,otoño,17.5,16.0,6.7,7.1,0.0,0.0,0.0,0.0,3500.0,300.0,160.0,6.1,0.45,0.18,0.15,,45.0,0.0,55.0,297282.0,275528.0
SI022,2022.0,primavera,21.0,19.0,6.4,7.0,0.0,0.0,0.0,0.0,300.0,160.0,110.0,3.6,1.3,0.33,0.32,,29.0,0.0,41.0,297282.0,275528.0
SI023,2022.0,verano,26.1,27.0,1.8,6.2,0.0,0.0,0.0,1.0,28000.0,5200.0,3300.0,1.9,7.2,0.43,0.32,7.1,7.5,0.0,33.0,297282.0,275528.0
SI023,2022.0,otoño,20.0,17.0,1.39,7.4,0.0,0.0,0.0,1.0,96000.0,44000.0,4200.0,10.8,5.7,0.77,0.73,5.2,2.5,0.0,35.0,297282.0,275528.0
SI023,2022.0,primavera,21.0,19.0,3.3,7.0,0.0,0.0,0.0,0.0,6500.0,6600.0,1500.0,6.3,7.1,0.86,0.86,,9.3,0.0,51.0,297282.0,275528.0
SI024,2022.0,otoño,17.4,18.0,6.5,7.39,0.0,0.0,0.0,0.0,10000.0,4500.0,440.0,8.2,0.91,0.25,0.25,,31.0,0.0,44.0,297282.0,275528.0
SI024,2022.0,primavera,18.4,17.0,8.2,,0.0,0.0,0.0,0.0,6500.0,6200.0,4000.0,4.9,1.0,0.33,0.33,,29.0,0.0,58.0,297282.0,275528.0
TI001,2022.0,verano,24.5,23.3,5.3,6.56,0.0,0.0,0.0,1.0,2200.0,100.0,130.0,2.9,0.42,0.23,0.15,6.2,90.0,0.0,55.0,446949.0,144834.0
TI001,2022.0,otoño,19.6,16.0,7.73,7.03,0.0,0.0,0.0,1.0,1000.0,200.0,50.0,7.7,,0.17,0.1,3.4,60.0,0.0,59.0,446949.0,144834.0
TI001,2022.0,invierno,13.8,14.0,8.61,7.06,0.0,0.0,0.0,0.0,900.0,80.0,90.0,2.1,23.0,0.14,0.14,,22.0,0.0,49.0,446949.0,144834.0
TI001,2022.0,primavera,21.5,15.0,8.3,,0.0,0.0,0.0,0.0,160.0,100.0,160.0,3.4,0.1,,,,30.0,0.0,61.0,446949.0,144834.0
TI002,2022.0,verano,24.6,23.3,2.94,6.59,0.0,1.0,0.0,0.0,1800.0,200.0,580.0,6.5,0.05,0.59,0.54,1.9,17.0,0.0,45.0,446949.0,144834.0
TI002,2022.0,otoño,18.6,16.0,5.47,6.8,0.0,0.0,0.0,0.0,40000.0,10000.0,110.0,3.9,,0.33,0.29,,65.0,0.0,42.0,446949.0,144834.0
TI002,2022.0,invierno,14.4,14.0,0.45,7.14,1.0,0.0,0.0,0.0,,186.0,11.0,,23.0,2.8,,,13.0,0.0,29.0,446949.0,144834.0
TI002,2022.0,primavera,20.4,14.0,6.24,,0.0,0.0,0.0,0.0,4000.0,3000.0,600.0,2.8,1.0,0.2,0.2,,28.0,0.0,40.0,446949.0,144834.0
TI003,2022.0,verano,25.2,23.3,2.22,7.45,1.0,1.0,0.0,0.0,1400.0,100.0,300.0,7.4,1.0,0.38,0.4,5.8,23.0,0.0,46.0,446949.0,144834.0
TI003,2022.0,otoño,18.2,16.0,5.79,6.94,0.0,1.0,0.0,0.0,60000.0,2000.0,380.0,4.5,0.05,0.25,0.22,2.5,80.0,0.0,40.0,446949.0,144834.0
TI003,2022.0,invierno,12.7,13.0,8.18,7.09,0.0,0.0,0.0,0.0,3000.0,100.0,580.0,2.6,0.28,0.13,0.13,,32.0,0.0,53.0,446949.0,144834.0
TI003,2022.0,primavera,20.2,14.0,5.8,,0.0,0.0,0.0,0.0,300.0,200.0,420.0,2.8,1.4,0.33,0.33,,25.0,0.0,36.0,446949.0,144834.0
TI004,2022.0,verano,24.1,20.0,1.02,6.39,0.0,1.0,0.0,1.0,1100.0,100.0,370.0,8.8,0.049,0.55,0.54,2.6,18.0,0.0,44.0,446949.0,144834.0
TI004,2022.0,otoño,18.2,16.0,4.9,6.85,1.0,0.0,0.0,1.0,28000.0,5200.0,460.0,8.5,0.25,0.71,0.35,3.6,70.0,0.0,37.0,446949.0,144834.0
TI004,2022.0,invierno,13.5,13.0,2.17,6.92,0.0,0.0,0.0,0.0,76000.0,9.0,780.0,3.3,5.0,0.49,0.49,6.8,6.0,0.0,35.0,446949.0,144834.0
TI004,2022.0,primavera,19.7,14.0,5.68,,0.0,0.0,0.0,0.0,2400.0,2100.0,550.0,2.7,0.98,0.35,0.32,,30.0,0.0,56.0,446949.0,144834.0
TI005,2022.0,verano,24.9,23.3,3.5,6.53,0.0,0.0,0.0,1.0,3200.0,200.0,750.0,4.4,3.5,1.1,0.91,3.9,8.9,0.0,40.0,446949.0,144834.0
TI005,2022.0,otoño,17.0,13.0,4.29,6.76,0.0,0.0,0.0,1.0,106000.0,8000.0,770.0,11.3,0.21,0.51,0.41,3.5,80.0,0.0,37.0,446949.0,144834.0
TI005,2022.0,invierno,14.3,13.0,0.36,6.88,0.0,0.0,0.0,1.0,1070000.0,560.0,27.0,2.0,22.0,1.9,0.28,,33.0,0.0,32.0,446949.0,144834.0
TI005,2022.0,primavera,20.0,11.0,5.24,,0.0,0.0,0.0,0.0,15200.0,14400.0,2500.0,2.7,0.83,0.19,0.18,,26.0,0.0,67.0,446949.0,144834.0
TI006,2022.0,verano,25.4,23.3,2.25,6.56,1.0,1.0,0.0,0.0,1200.0,200.0,400.0,3.3,0.51,0.41,0.35,5.8,34.0,0.0,42.0,446949.0,144834.0
TI006,2022.0,otoño,18.6,16.0,4.28,6.72,0.0,0.0,0.0,0.0,150000.0,12000.0,1440.0,8.8,0.6,0.3,0.27,4.6,60.0,0.0,36.0,446949.0,144834.0
TI006,2022.0,invierno,13.3,13.0,7.5,7.08,0.0,0.0,0.0,0.0,10000.0,600.0,300.0,3.0,0.44,0.11,0.11,,30.0,0.0,46.0,446949.0,144834.0
TI006,2022.0,primavera,20.9,15.0,6.43,,0.0,0.0,0.0,0.0,200.0,100.0,300.0,2.7,0.83,0.19,0.18,,26.0,0.0,40.0,446949.0,144834.0
TI007,2022.0,verano,24.5,20.0,1.5,6.54,0.0,1.0,0.0,1.0,18000.0,1500.0,100.0,5.6,2.0,0.73,0.6,3.5,12.0,0.0,35.0,446949.0,144834.0
TI007,2022.0,otoño,17.4,13.0,5.05,6.74,0.0,0.0,0.0,1.0,30000.0,2300.0,300.0,8.3,0.26,0.33,0.3,2.8,60.0,0.0,41.0,446949.0,144834.0
TI007,2022.0,invierno,16.5,15.0,1.13,7.12,1.0,1.0,0.0,0.0,240000.0,90.0,9.0,,9.3,0.86,0.86,14.0,,0.0,25.0,446949.0,144834.0
TI007,2022.0,primavera,19.0,11.0,6.35,,0.0,0.0,0.0,1.0,12000.0,11500.0,700.0,2.9,1.1,0.32,0.31,,30.0,0.0,52.0,446949.0,144834.0
TI008,2022.0,verano,24.5,21.0,6.3,6.48,0.0,1.0,0.0,0.0,1000.0,200.0,1200.0,3.1,0.049,0.17,0.16,5.5,90.0,0.0,46.0,446949.0,144834.0
TI008,2022.0,otoño,18.3,13.0,7.85,7.02,0.0,0.0,0.0,0.0,2500.0,300.0,50.0,3.9,,0.1,0.1,,50.0,0.0,58.0,446949.0,144834.0
TI008,2022.0,invierno,15.6,17.0,9.48,7.25,0.0,0.0,0.0,0.0,560.0,930.0,730.0,3.7,0.1,,,,23.0,0.0,53.0,446949.0,144834.0
TI008,2022.0,primavera,19.2,12.0,6.91,,0.0,0.0,0.0,0.0,830.0,820.0,640.0,2.5,0.1,0.19,0.16,,29.0,0.0,50.0,446949.0,144834.0
TI009,2022.0,verano,23.4,21.0,4.49,6.76,0.0,0.0,0.0,0.0,400.0,100.0,220.0,1.9,0.1,0.21,0.19,1.9,39.0,0.0,58.0,446949.0,144834.0
TI009,2022.0,otoño,18.5,16.0,7.85,7.32,0.0,0.0,0.0,0.0,2200.0,50.0,50.0,2.6,,0.13,0.11,,65.0,0.0,61.0,446949.0,144834.0
TI009,2022.0,invierno,15.6,15.0,8.68,7.13,0.0,0.0,0.0,0.0,3200.0,2.0,250.0,2.4,0.11,0.12,0.12,,33.0,0.0,51.0,446949.0,144834.0
TI009,2022.0,primavera,18.6,12.0,7.21,,0.0,0.0,0.0,0.0,1060.0,850.0,620.0,2.6,0.12,0.36,0.19,,35.0,0.0,50.0,446949.0,144834.0
VL031,2022.0,verano,,22.0,,,0.0,0.0,0.0,0.0,4200.0,500.0,240.0,5.9,0.41,0.24,0.69,1.9,22.0,0.0,47.0,282281.0,273863.0
VL031,2022.0,otoño,,22.0,,,0.0,0.0,0.0,0.0,170000.0,10000.0,1500.0,8.0,0.49,0.24,0.2,2.4,45.0,0.0,38.0,282281.0,273863.0
VL031,2022.0,invierno,13.1,15.0,10.43,8.02,0.0,0.0,0.0,0.0,160000.0,4.0,2.0,16.4,0.22,0.42,0.42,5.6,12.0,0.0,38.0,282281.0,273863.0
VL031,2022.0,primavera,18.6,12.3,8.83,,0.0,0.0,0.0,0.0,6600.0,6600.0,1500.0,3.7,1.0,0.47,0.3,,19.0,0.0,49.0,282281.0,273863.0
VL032,2022.0,verano,,22.0,,,0.0,0.0,0.0,0.0,6500.0,200.0,1700.0,7.3,0.63,0.27,0.32,1.9,17.0,0.0,40.0,282281.0,273863.0
VL032,2022.0,otoño,,22.0,,,0.0,0.0,0.0,0.0,68000.0,7000.0,730.0,8.6,0.87,0.23,0.2,3.3,33.0,0.0,37.0,282281.0,273863.0
VL032,2022.0,invierno,16.1,17.0,9.82,7.76,0.0,0.0,0.0,0.0,40000.0,1.0,450.0,12.8,0.95,0.32,0.32,12.0,16.0,0.0,37.0,282281.0,273863.0
VL032,2022.0,primavera,18.5,15.1,8.62,,0.0,0.0,0.0,1.0,4200.0,4000.0,570.0,4.4,0.93,0.29,0.29,,19.0,0.0,50.0,282281.0,273863.0
VL033,2022.0,verano,,23.0,,,0.0,0.0,0.0,0.0,5500.0,100.0,650.0,4.9,0.94,0.28,0.33,1.9,14.0,0.0,45.0,282281.0,273863.0
VL033,2022.0,otoño,,23.0,,,0.0,0.0,0.0,0.0,3000.0,700.0,350.0,9.1,0.41,0.23,0.2,,27.0,0.0,50.0,282281.0,273863.0
VL033,2022.0,invierno,17.1,17.0,9.87,7.99,0.0,0.0,0.0,0.0,13000.0,6.0,2.0,20.6,0.49,,0.42,6.5,12.0,0.0,42.0,282281.0,273863.0
VL033,2022.0,primavera,19.4,15.1,9.91,,0.0,0.0,0.0,0.0,2100.0,1700.0,310.0,4.2,0.72,0.28,0.27,,28.0,0.0,60.0,282281.0,273863.0
AC001,2023.0,invierno,15.21,13.0,0.6,7.29,0.0,0.0,0.0,1.0,40000.0,10300.0,14000.0,11.0,9.1,0.55,0.53,,16.0,0.0,32.0,,
AV051,2023.0,verano,23.87,26.0,4.85,7.23,0.0,0.0,0.0,0.0,1000.0,100.0,240.0,3.7,0.44,0.47,0.32,2.6,27.0,0.0,45.0,367554.0,289059.0
AV051,2023.0,otoño,18.0,15.0,5.22,7.33,0.0,0.0,0.0,0.0,,,,5.8,0.73,0.25,0.24,,50.0,0.0,40.0,367554.0,289059.0
AV051,2023.0,invierno,15.0,13.0,1.22,7.47,0.0,0.0,0.0,0.0,4000.0,2200.0,800.0,13.8,7.2,2.7,0.6,5.2,12.0,0.0,38.0,367554.0,289059.0
AV051,2023.0,primavera,23.0,22.0,6.4,7.39,0.0,0.0,0.0,0.0,500.0,500.0,150.0,2.9,1.9,0.29,,4.6,30.0,0.0,40.0,367554.0,289059.0
AV052,2023.0,verano,24.2,26.0,4.99,7.36,0.0,0.0,0.0,0.0,1000.0,200.0,120.0,3.6,0.63,0.28,0.22,3.5,23.0,0.0,38.0,367554.0,289059.0
AV052,2023.0,otoño,19.0,15.0,5.24,7.48,0.0,0.0,0.0,1.0,,,,8.5,0.52,0.25,0.24,4.2,37.0,0.0,39.0,367554.0,289059.0
AV052,2023.0,invierno,15.1,13.0,0.96,7.5,0.0,0.0,0.0,0.0,2000.0,2000.0,1000.0,11.7,8.2,2.1,0.56,4.7,14.0,0.0,39.0,367554.0,289059.0
AV052,2023.0,primavera,22.0,22.0,6.3,7.39,0.0,0.0,0.0,0.0,1000.0,900.0,290.0,3.1,1.3,0.2,,3.1,26.0,0.0,40.0,367554.0,289059.0
AV053,2023.0,verano,24.6,26.0,1.99,7.5,0.0,0.0,0.0,0.0,5000.0,900.0,10.0,9.9,,0.42,0.4,4.5,21.0,0.0,40.0,367554.0,289059.0
AV053,2023.0,otoño,18.0,15.0,3.22,7.52,0.0,0.0,0.0,0.0,5000.0,2500.0,80.0,15.2,2.9,0.57,0.56,3.8,11.0,0.0,35.0,367554.0,289059.0
AV053,2023.0,invierno,14.53,13.0,2.64,7.53,0.0,0.0,0.0,1.0,800.0,800.0,400.0,13.9,8.9,1.4,0.32,2.3,12.0,0.0,36.0,367554.0,289059.0
AV053,2023.0,primavera,22.0,22.0,6.3,7.42,0.0,0.0,0.0,0.0,1100.0,1100.0,300.0,2.8,1.2,0.2,,3.1,25.0,0.0,40.0,367554.0,289059.0
AV054,2023.0,verano,24.69,25.0,3.03,7.0,0.0,0.0,0.0,0.0,7000.0,2200.0,200.0,9.9,,0.64,0.57,4.9,23.0,0.0,37.0,367554.0,289059.0
AV054,2023.0,otoño,18.0,15.0,3.55,7.08,0.0,0.0,0.0,1.0,,,,10.2,1.1,0.32,0.31,2.9,45.0,0.0,37.0,367554.0,289059.0
AV054,2023.0,invierno,15.18,13.0,1.2,7.48,0.0,0.0,0.0,0.0,12000.0,4600.0,1200.0,10.5,10.0,1.4,0.65,7.7,19.0,0.0,38.0,367554.0,289059.0
AV054,2023.0,primavera,22.0,21.0,3.33,7.05,1.0,1.0,0.0,1.0,19000.0,16000.0,6000.0,12.7,,0.54,,17.0,16.0,0.0,23.0,367554.0,289059.0
AV055,2023.0,verano,24.5,26.0,3.02,7.45,0.0,0.0,0.0,0.0,4000.0,2000.0,10.0,10.6,,0.75,0.36,5.3,21.0,0.0,39.0,367554.0,289059.0
AV055,2023.0,otoño,19.0,15.0,4.45,7.48,0.0,0.0,0.0,0.0,,,,8.9,0.44,0.26,0.25,4.1,32.0,0.0,41.0,367554.0,289059.0
AV055,2023.0,invierno,14.5,13.0,1.1,7.34,0.0,0.0,0.0,0.0,4000.0,2000.0,2000.0,13.3,8.0,0.72,0.4,4.4,8.0,0.0,37.0,367554.0,289059.0
AV055,2023.0,primavera,22.0,22.0,5.94,7.41,0.0,0.0,0.0,0.0,900.0,900.0,300.0,2.8,1.4,0.24,,3.9,20.0,0.0,38.0,367554.0,289059.0
BS091,2023.0,otoño,16.0,13.0,10.88,9.18,0.0,0.0,0.0,0.0,24.0,11200.0,5000.0,21.5,4.4,0.43,0.42,5.5,20.0,0.0,32.0,100930.0,47630.0
BS091,2023.0,invierno,12.2,10.0,6.33,8.7,0.0,0.0,0.0,0.0,600.0,600.0,360.0,10.5,3.2,1.7,1.1,4.0,90.0,0.0,37.0,100930.0,47630.0
BS091,2023.0,primavera,24.0,20.0,4.53,7.84,1.0,0.0,1.0,1.0,81000.0,75000.0,18400.0,,11.0,0.96,0.51,23.0,50.0,0.0,25.0,100930.0,47630.0
BS092,2023.0,otoño,17.0,13.0,6.33,8.7,0.0,0.0,0.0,0.0,1.0,400.0,120.0,5.5,0.13,0.22,0.18,2.6,45.0,0.0,35.0,100930.0,47630.0
BS092,2023.0,primavera,21.0,,4.76,7.65,1.0,0.0,0.0,0.0,200.0,200.0,160.0,,8.4,0.2,,8.4,17.0,0.0,37.0,100930.0,47630.0
BS093,2023.0,otoño,18.0,13.0,5.93,8.35,0.0,0.0,0.0,0.0,500.0,500.0,140.0,3.7,0.09,0.17,0.12,2.1,32.0,0.0,36.0,100930.0,47630.0
BS093,2023.0,invierno,12.0,10.0,8.96,8.09,0.0,0.0,0.0,0.0,800.0,500.0,230.0,5.7,0.42,3.0,0.55,2.5,50.0,0.0,38.0,100930.0,47630.0
BS093,2023.0,primavera,20.0,14.0,8.22,8.3,0.0,0.0,0.0,1.0,800.0,800.0,360.0,4.1,0.39,0.21,,,110.0,0.0,35.0,100930.0,47630.0
BS094,2023.0,otoño,17.0,13.0,10.02,9.04,0.0,0.0,0.0,0.0,1.1,700.0,80.0,4.2,0.09,0.18,0.15,,40.0,0.0,35.0,100930.0,47630.0
BS094,2023.0,invierno,12.0,13.0,9.41,8.67,0.0,0.0,0.0,0.0,300.0,300.0,150.0,6.6,0.56,0.56,0.55,2.3,75.0,0.0,36.0,100930.0,47630.0
BS094,2023.0,primavera,20.0,20.0,9.78,8.49,0.0,0.0,0.0,0.0,1000.0,800.0,850.0,,0.33,0.38,,2.2,34.0,0.0,41.0,100930.0,47630.0
BS095,2023.0,otoño,18.0,16.0,11.7,9.39,0.0,0.0,0.0,0.0,32000.0,32000.0,1500.0,22.5,6.3,0.61,0.51,4.8,12.0,0.0,32.0,100930.0,47630.0
BS095,2023.0,primavera,23.0,21.0,7.51,8.02,0.0,0.0,0.0,0.0,52000.0,15600.0,1960.0,2.9,2.1,0.44,,4.1,70.0,0.0,37.0,100930.0,47630.0
BZ077,2023.0,otoño,,14.0,,,0.0,0.0,0.0,0.0,2.0,2000.0,7600.0,16.7,2.1,0.43,0.42,7.9,23.0,0.0,31.0,358712.0,267760.0
BZ077,2023.0,primavera,,19.0,,,0.0,0.0,0.0,0.0,4100.0,4100.0,1200.0,5.3,1.3,0.74,,11.0,95.0,0.0,29.0,358712.0,267760.0
BZ078,2023.0,otoño,,12.0,,,0.0,0.0,0.0,0.0,178.0,,9000.0,6.3,16.0,1.2,1.2,24.0,12.0,0.0,28.0,358712.0,267760.0
BZ078,2023.0,primavera,16.0,22.0,,6.63,0.0,0.0,0.0,1.0,600.0,500.0,50.0,9.0,1.4,0.2,,7.2,9.3,0.0,36.0,358712.0,267760.0
BZ080,2023.0,otoño,,13.0,,,0.0,0.0,0.0,0.0,1.0,900.0,500.0,4.2,0.3,0.39,0.13,5.2,22.0,0.0,34.0,358712.0,267760.0
BZ080,2023.0,primavera,,21.0,,,0.0,0.0,0.0,0.0,18000.0,14000.0,1430.0,3.4,0.61,0.76,,12.0,55.0,0.0,29.0,358712.0,267760.0
CA041,2023.0,verano,27.8,,8.0,7.7,0.0,0.0,0.0,0.0,1100.0,1100.0,400.0,,0.4,0.35,0.29,7.0,33.0,0.0,49.0,3121707.0,3049672.0
CA041,2023.0,otoño,19.0,19.0,2.2,7.5,0.0,0.0,0.0,0.0,200.0,140.0,180.0,,4.0,,0.2,9.0,17.0,0.0,33.0,3121707.0,3049672.0
CA044,2023.0,verano,25.2,,6.4,7.3,0.0,0.0,0.0,0.0,1300.0,1300.0,780.0,,0.6,0.35,0.21,,50.0,0.0,38.0,3121707.0,3049672.0
CA044,2023.0,otoño,18.0,18.0,6.2,7.3,0.0,0.0,0.0,0.0,29.0,21.0,760.0,,2.0,0.12,0.11,,21.0,0.0,35.0,3121707.0,3049672.0
CA046,2023.0,verano,26.4,,7.9,7.7,0.0,0.0,0.0,0.0,1700.0,1600.0,480.0,,0.1,0.45,0.17,6.0,65.0,0.0,40.0,3121707.0,3049672.0
CA046,2023.0,otoño,18.0,18.0,7.6,7.4,0.0,0.0,0.0,0.0,19.0,19.0,5500.0,,0.9,0.17,0.16,,40.0,0.0,35.0,3121707.0,3049672.0
CA047,2023.0,verano,25.6,,8.4,7.8,0.0,0.0,0.0,0.0,850.0,850.0,300.0,,,0.33,0.23,17.0,66.0,0.0,45.0,3121707.0,3049672.0
CA047,2023.0,otoño,18.0,18.0,7.6,7.3,0.0,0.0,0.0,0.0,4.1,4.1,760.0,,0.5,0.16,0.15,7.0,68.0,0.0,39.0,3121707.0,3049672.0
EN-adic,2023.0,otoño,,11.0,,,0.0,0.0,0.0,0.0,,,,7.0,0.09,0.27,0.15,3.0,20.0,,37.0,63997.0,37375.0
EN-adic,2023.0,invierno,,12.0,,,0.0,0.0,0.0,0.0,1400.0,1000.0,1160.0,7.3,0.87,0.44,0.43,3.6,75.0,0.0,34.0,63997.0,37375.0
EN-adic,2023.0,primavera,,21.0,,,0.0,0.0,0.0,0.0,10000.0,400.0,410.0,3.3,0.24,0.5,,4.1,32.0,0.0,37.0,63997.0,37375.0
EN081,2023.0,otoño,17.0,15.0,12.62,9.38,0.0,0.0,0.0,0.0,700.0,130.0,15.0,6.1,0.09,0.23,0.18,3.2,27.0,0.0,36.0,63997.0,37375.0
EN081,2023.0,invierno,12.3,13.0,8.44,10.5,0.0,0.0,0.0,0.0,400.0,60.0,750.0,11.2,0.69,0.39,0.34,4.0,50.0,0.0,36.0,63997.0,37375.0
EN081,2023.0,primavera,,,,,0.0,0.0,0.0,0.0,600.0,360.0,340.0,4.5,0.3,0.72,,2.6,40.0,0.0,39.0,63997.0,37375.0
EN082,2023.0,otoño,17.0,15.0,9.05,8.55,0.0,0.0,0.0,0.0,100.0,35.0,5.0,5.1,0.17,0.19,0.18,,25.0,0.0,40.0,63997.0,37375.0
EN082,2023.0,invierno,12.9,13.0,8.57,8.01,0.0,0.0,0.0,0.0,400.0,100.0,200.0,10.6,1.2,0.42,0.26,2.7,28.0,0.0,40.0,63997.0,37375.0
EN082,2023.0,primavera,22.0,,8.28,8.11,0.0,0.0,0.0,0.0,900.0,570.0,110.0,6.4,0.44,0.17,,,32.0,0.0,38.0,63997.0,37375.0
EN083,2023.0,otoño,17.0,15.0,4.24,7.84,0.0,0.0,0.0,0.0,15000.0,6800.0,1200.0,6.2,0.62,0.21,0.2,,40.0,0.0,34.0,63997.0,37375.0
EN083,2023.0,invierno,13.8,13.0,5.63,7.96,0.0,0.0,0.0,0.0,11000.0,3000.0,2600.0,20.7,3.5,0.75,0.48,4.5,55.0,0.0,37.0,63997.0,37375.0
EN083,2023.0,primavera,22.0,,5.48,7.55,0.0,0.0,0.0,0.0,100.0,100.0,35.0,6.1,0.52,0.15,,,17.0,0.0,45.0,63997.0,37375.0
EN084,2023.0,otoño,17.0,15.0,7.43,7.88,0.0,0.0,0.0,0.0,200.0,120.0,40.0,11.6,0.23,0.16,0.15,,27.0,0.0,39.0,63997.0,37375.0
EN084,2023.0,invierno,12.6,13.0,8.99,8.08,0.0,0.0,0.0,0.0,500.0,200.0,230.0,10.7,1.1,0.77,0.26,3.1,32.0,0.0,37.0,63997.0,37375.0
EN084,2023.0,primavera,21.0,,0.2,7.58,0.0,0.0,0.0,0.0,41000.0,38000.0,5600.0,6.5,0.96,0.72,,5.3,17.0,0.0,35.0,63997.0,37375.0
QU061,2023.0,verano,25.3,28.0,6.82,5.32,0.0,0.0,0.0,0.0,1000.0,170.0,25.0,7.0,0.76,0.68,0.33,6.3,23.0,0.0,37.0,633391.0,469008.0
QU061,2023.0,otoño,17.0,23.0,,7.15,0.0,0.0,0.0,0.0,2000.0,350.0,40.0,3.0,0.33,0.15,0.14,,60.0,0.0,38.0,633391.0,469008.0
QU061,2023.0,invierno,12.0,15.0,9.88,7.66,1.0,0.0,0.0,1.0,420.0,420.0,1000.0,9.2,1.5,1.0,0.25,,19.0,0.0,39.0,633391.0,469008.0
QU061,2023.0,primavera,22.0,22.0,5.55,7.41,0.0,0.0,0.0,0.0,2400.0,1800.0,330.0,2.8,1.9,0.27,,3.8,13.0,0.0,40.0,633391.0,469008.0
QU062,2023.0,verano,25.0,28.0,6.3,5.31,0.0,0.0,0.0,0.0,2000.0,120.0,2.0,7.6,0.59,0.38,0.23,3.2,35.0,0.0,47.0,633391.0,469008.0
QU062,2023.0,otoño,17.0,23.0,5.7,7.04,0.0,0.0,0.0,0.0,3.0,840.0,88.0,2.7,0.22,0.14,0.13,,70.0,0.0,37.0,633391.0,469008.0
QU062,2023.0,invierno,12.0,15.0,9.3,7.4,0.0,0.0,0.0,0.0,450.0,450.0,640.0,8.9,1.9,3.1,0.3,,22.0,0.0,40.0,633391.0,469008.0
QU062,2023.0,primavera,16.0,22.0,,6.91,0.0,0.0,0.0,1.0,,,,3.7,0.92,0.23,,3.9,18.0,0.0,40.0,633391.0,469008.0
QU063,2023.0,otoño,17.0,23.0,,6.75,0.0,0.0,0.0,0.0,2.0,400.0,60.0,10.0,0.78,0.3,0.29,,17.0,0.0,36.0,633391.0,469008.0
QU063,2023.0,invierno,12.0,15.0,8.11,7.55,0.0,0.0,0.0,0.0,600.0,600.0,260.0,7.7,1.5,0.48,0.25,,27.0,0.0,47.0,633391.0,469008.0
QU063,2023.0,primavera,16.0,22.0,,6.97,0.0,0.0,0.0,0.0,800.0,540.0,140.0,3.8,,0.24,,7.3,11.0,0.0,39.0,633391.0,469008.0
SF015,2023.0,verano,26.0,14.0,5.65,,0.0,0.0,0.0,1.0,15000.0,4700.0,920.0,5.1,1.2,0.26,0.23,2.1,21.0,0.0,35.0,171616.0,157308.0
SF015,2023.0,otoño,19.0,20.0,5.85,,0.0,0.0,0.0,0.0,5000.0,1400.0,300.0,6.2,0.62,0.21,0.2,,40.0,0.0,35.0,171616.0,157308.0
SF015,2023.0,invierno,16.0,13.0,5.4,,0.0,0.0,0.0,0.0,3000.0,2700.0,500.0,13.9,10.0,0.95,0.37,2.0,19.0,0.0,39.0,171616.0,157308.0
SF015,2023.0,primavera,16.0,13.0,5.4,,0.0,0.0,0.0,0.0,62000.0,5800.0,2480.0,2.6,1.7,0.3,,3.4,12.0,0.0,28.0,171616.0,157308.0
SI022,2023.0,verano,28.0,27.0,6.5,6.0,0.0,0.0,0.0,0.0,1700.0,1000.0,60.0,4.3,0.51,0.46,0.19,3.1,20.0,0.0,37.0,297282.0,275528.0
SI022,2023.0,otoño,18.0,21.0,6.32,,0.0,0.0,0.0,0.0,1.3,600.0,130.0,5.3,0.77,0.15,0.14,,23.0,0.0,35.0,297282.0,275528.0
SI022,2023.0,invierno,13.7,14.0,7.64,,0.0,0.0,0.0,0.0,2900.0,2300.0,1400.0,8.6,1.0,0.58,0.28,,20.0,0.0,40.0,297282.0,275528.0
SI022,2023.0,primavera,22.0,23.0,5.61,,0.0,0.0,0.0,0.0,400.0,400.0,300.0,3.1,0.27,0.19,,2.0,14.0,0.0,41.0,297282.0,275528.0
SI023,2023.0,otoño,20.0,22.0,3.24,,0.0,0.0,0.0,0.0,24.0,19000.0,5000.0,20.0,2.9,0.43,0.33,3.1,3.5,0.0,32.0,297282.0,275528.0
SI023,2023.0,invierno,17.5,14.0,6.37,,0.0,0.0,0.0,0.0,150000.0,65000.0,18000.0,12.7,1.4,0.29,0.28,2.8,21.0,0.0,35.0,297282.0,275528.0
SI023,2023.0,primavera,23.0,23.0,4.86,,0.0,0.0,0.0,0.0,28000.0,20000.0,10000.0,14.4,2.1,0.36,,2.7,6.2,0.0,32.0,297282.0,275528.0
SI024,2023.0,verano,28.7,30.0,8.53,6.95,0.0,0.0,0.0,0.0,5200.0,4500.0,110.0,5.5,0.5,0.3,0.28,2.5,24.0,0.0,40.0,297282.0,275528.0
SI024,2023.0,otoño,18.0,22.0,5.16,,0.0,0.0,0.0,0.0,5800.0,4200.0,500.0,6.9,0.94,0.2,0.19,,13.0,0.0,35.0,297282.0,275528.0
SI024,2023.0,invierno,13.7,14.0,6.66,,0.0,0.0,0.0,0.0,3300.0,2300.0,1500.0,,8.5,1.5,0.61,4.3,4.0,0.0,40.0,297282.0,275528.0
SI024,2023.0,primavera,24.0,23.0,6.69,,0.0,0.0,0.0,0.0,500.0,500.0,200.0,5.0,0.6,0.19,,2.0,18.0,0.0,39.0,297282.0,275528.0
TI001,2023.0,verano,26.0,24.0,6.59,7.24,0.0,0.0,0.0,1.0,600.0,100.0,130.0,3.9,,0.26,,,29.0,0.0,53.0,446949.0,144834.0
TI001,2023.0,otoño,18.0,12.0,7.09,7.22,0.0,0.0,0.0,0.0,3200.0,2200.0,770.0,3.9,0.3,0.16,0.15,,45.0,0.0,39.0,446949.0,144834.0
TI001,2023.0,invierno,16.3,11.0,8.53,7.27,0.0,0.0,0.0,1.0,240.0,200.0,300.0,4.2,0.19,0.57,,,38.0,0.0,48.0,446949.0,144834.0
TI001,2023.0,primavera,23.0,25.0,4.72,6.57,0.0,0.0,0.0,0.0,200.0,180.0,290.0,3.3,0.13,0.12,,,24.0,0.0,42.0,446949.0,144834.0
TI002,2023.0,verano,27.6,24.0,6.14,6.88,0.0,0.0,0.0,1.0,2000.0,1000.0,100.0,3.5,2.2,0.41,0.36,4.1,21.0,0.0,35.0,446949.0,144834.0
TI002,2023.0,otoño,18.0,12.0,6.16,7.33,0.0,0.0,0.0,0.0,5.0,3.0,200.0,4.2,0.86,0.21,0.2,,45.0,0.0,37.0,446949.0,144834.0
TI002,2023.0,invierno,15.2,11.0,5.97,7.13,0.0,0.0,0.0,1.0,23000.0,19000.0,3000.0,15.2,2.9,2.0,0.46,3.8,45.0,0.0,35.0,446949.0,144834.0
TI002,2023.0,primavera,26.0,25.0,4.31,6.71,0.0,0.0,0.0,0.0,4000.0,600.0,400.0,2.7,2.0,0.26,,3.0,13.0,0.0,37.0,446949.0,144834.0
TI003,2023.0,verano,26.1,25.0,5.02,6.82,0.0,0.0,0.0,1.0,6000.0,500.0,220.0,3.9,0.56,0.23,0.17,2.2,28.0,0.0,37.0,446949.0,144834.0
TI003,2023.0,otoño,18.0,12.0,6.08,7.32,0.0,0.0,1.0,0.0,4000.0,2.9,640.0,4.8,0.99,0.18,0.17,2.0,50.0,0.0,35.0,446949.0,144834.0
TI003,2023.0,invierno,15.1,11.0,5.75,7.19,1.0,0.0,0.0,0.0,11000.0,5200.0,1400.0,15.7,3.5,0.36,0.34,4.3,39.0,0.0,37.0,446949.0,144834.0
TI003,2023.0,primavera,21.0,25.0,2.98,6.49,0.0,0.0,0.0,1.0,1000.0,400.0,900.0,,1.0,0.14,,,24.0,0.0,33.0,446949.0,144834.0
TI004,2023.0,verano,25.9,24.0,5.28,6.69,0.0,1.0,0.0,1.0,15000.0,3200.0,560.0,4.3,1.5,0.44,0.25,3.3,24.0,0.0,34.0,446949.0,144834.0
TI004,2023.0,otoño,18.0,12.0,5.85,7.06,0.0,0.0,0.0,0.0,2.0,1.5,250.0,5.3,0.49,0.19,0.18,,45.0,0.0,40.0,446949.0,144834.0
TI004,2023.0,invierno,15.3,11.0,5.36,7.13,1.0,1.0,1.0,1.0,4000.0,3600.0,1500.0,18.6,4.0,1.3,0.53,4.3,29.0,0.0,30.0,446949.0,144834.0
TI004,2023.0,primavera,23.0,25.0,2.01,6.67,0.0,0.0,0.0,1.0,19000.0,18000.0,5700.0,2.3,2.6,0.44,,4.7,8.7,0.0,33.0,446949.0,144834.0
TI005,2023.0,verano,25.2,24.0,5.02,6.4,0.0,1.0,0.0,1.0,2000.0,1100.0,100.0,7.3,3.8,0.5,0.4,4.3,20.0,0.0,31.0,446949.0,144834.0
TI005,2023.0,otoño,19.0,11.0,5.26,7.05,0.0,0.0,0.0,0.0,41.0,20.0,9300.0,9.6,3.0,0.31,0.3,3.6,45.0,0.0,35.0,446949.0,144834.0
TI005,2023.0,invierno,15.3,10.0,4.13,7.17,1.0,1.0,0.0,1.0,6000.0,4100.0,2000.0,23.1,5.2,0.9,0.64,5.6,26.0,0.0,29.0,446949.0,144834.0
TI005,2023.0,primavera,23.0,24.0,2.67,6.62,1.0,0.0,0.0,1.0,15000.0,13000.0,3000.0,2.3,7.5,0.95,0.34,5.7,20.0,0.0,30.0,446949.0,144834.0
TI006,2023.0,verano,26.8,25.0,5.94,6.96,0.0,0.0,0.0,1.0,1000.0,400.0,1.5,5.2,0.25,0.16,0.11,2.1,24.0,0.0,39.0,446949.0,144834.0
TI006,2023.0,otoño,18.0,12.0,7.12,7.22,0.0,0.0,0.0,1.0,300.0,1100.0,300.0,6.7,0.13,0.11,0.1,,60.0,0.0,38.0,446949.0,144834.0
TI006,2023.0,invierno,15.0,11.0,6.88,7.13,0.0,0.0,1.0,1.0,15000.0,8300.0,5000.0,6.3,0.72,0.21,0.2,,37.0,0.0,34.0,446949.0,144834.0
TI006,2023.0,primavera,22.0,25.0,2.62,6.49,0.0,0.0,0.0,1.0,2000.0,400.0,800.0,,0.25,0.14,,,11.0,0.0,35.0,446949.0,144834.0
TI007,2023.0,verano,29.4,29.0,3.45,6.83,1.0,1.0,0.0,1.0,21000.0,7200.0,1.19,3.4,4.6,0.52,0.48,3.5,6.0,0.0,29.0,446949.0,144834.0
TI007,2023.0,otoño,18.0,15.0,5.88,7.16,0.0,0.0,0.0,1.0,4.0,600.0,930.0,4.3,0.75,0.21,0.2,,50.0,0.0,35.0,446949.0,144834.0
TI007,2023.0,invierno,15.5,10.0,3.1,7.07,0.0,1.0,0.0,1.0,9000.0,4400.0,920.0,20.2,5.5,1.0,0.6,4.0,17.0,0.0,33.0,446949.0,144834.0
TI007,2023.0,primavera,23.0,24.0,1.95,6.65,0.0,0.0,0.0,1.0,7000.0,2000.0,1600.0,2.9,0.71,0.44,,4.6,3.1,0.0,34.0,446949.0,144834.0
TI008,2023.0,verano,28.5,29.0,6.7,7.04,0.0,0.0,0.0,0.0,800.0,120.0,110.0,2.8,,,,,28.0,0.0,62.0,446949.0,144834.0
TI008,2023.0,otoño,19.0,14.0,8.09,7.3,0.0,0.0,0.0,0.0,,,,3.1,0.06,0.1,,,70.0,0.0,43.0,446949.0,144834.0
TI008,2023.0,invierno,15.8,10.0,8.72,7.39,0.0,0.0,0.0,1.0,8800.0,1620.0,220.0,2.7,0.1,0.59,,,39.0,0.0,44.0,446949.0,144834.0
TI008,2023.0,primavera,21.0,24.0,4.15,6.61,0.0,0.0,0.0,0.0,400.0,200.0,360.0,,0.6,0.1,,,33.0,0.0,38.0,446949.0,144834.0
TI009,2023.0,verano,28.0,29.0,5.19,6.91,0.0,0.0,0.0,1.0,1200.0,350.0,550.0,2.1,0.23,0.23,0.12,,45.0,0.0,37.0,446949.0,144834.0
TI009,2023.0,otoño,18.0,14.0,7.82,7.08,0.0,0.0,0.0,0.0,235.0,220.0,140.0,,0.07,0.1,,,65.0,0.0,40.0,446949.0,144834.0
TI009,2023.0,invierno,13.5,10.0,7.74,7.11,0.0,0.0,0.0,0.0,170.0,150.0,170.0,2.5,0.25,0.14,,,39.0,0.0,59.0,446949.0,144834.0
TI009,2023.0,primavera,21.0,24.0,2.94,6.5,0.0,0.0,0.0,1.0,300.0,260.0,400.0,,0.47,0.13,,,23.0,0.0,38.0,446949.0,144834.0
VL031,2023.0,verano,24.0,28.0,7.41,6.58,0.0,0.0,0.0,1.0,7000.0,1600.0,300.0,5.4,0.92,0.41,0.24,4.9,14.0,0.0,34.0,282281.0,273863.0
VL031,2023.0,otoño,17.0,15.0,5.57,6.85,0.0,0.0,0.0,0.0,6.8,3.7,50.0,9.3,0.89,0.22,0.21,,14.0,0.0,36.0,282281.0,273863.0
VL031,2023.0,invierno,13.1,11.3,5.14,6.74,0.0,0.0,0.0,0.0,38000.0,11000.0,3500.0,16.7,1.9,0.77,0.36,4.0,15.0,0.0,38.0,282281.0,273863.0
VL031,2023.0,primavera,24.0,22.0,5.07,6.5,0.0,0.0,0.0,1.0,11000.0,11000.0,3000.0,4.2,1.8,0.25,,3.8,18.0,0.0,36.0,282281.0,273863.0
VL032,2023.0,verano,25.5,28.0,6.79,6.6,0.0,0.0,0.0,1.0,2000.0,1200.0,320.0,7.3,0.44,0.27,0.23,3.0,15.0,0.0,36.0,282281.0,273863.0
VL032,2023.0,otoño,18.0,15.0,5.2,6.74,0.0,0.0,0.0,0.0,4.2,4.0,100.0,8.8,1.0,0.21,0.2,,12.0,0.0,37.0,282281.0,273863.0
VL032,2023.0,invierno,14.3,11.3,5.58,6.53,0.0,0.0,0.0,1.0,13200.0,9800.0,3000.0,16.0,1.5,0.55,0.31,2.8,15.0,0.0,37.0,282281.0,273863.0
VL032,2023.0,primavera,23.0,22.0,4.88,7.06,0.0,0.0,0.0,1.0,22000.0,14000.0,16000.0,5.3,1.3,0.22,,2.3,6.1,0.0,33.0,282281.0,273863.0
VL033,2023.0,verano,25.9,28.0,8.27,7.24,0.0,0.0,0.0,1.0,7600.0,1400.0,1.5,10.1,0.75,0.52,0.36,4.1,16.0,0.0,34.0,282281.0,273863.0
VL033,2023.0,otoño,18.0,16.0,6.6,6.73,0.0,0.0,0.0,0.0,3.4,3.4,800.0,8.7,0.93,0.22,0.21,,14.0,0.0,37.0,282281.0,273863.0
VL033,2023.0,invierno,13.8,11.5,8.15,6.82,1.0,0.0,0.0,0.0,20000.0,3000.0,800.0,16.9,1.2,1.2,0.35,2.8,12.0,0.0,38.0,282281.0,273863.0
VL033,2023.0,primavera,23.0,22.0,6.95,6.64,0.0,0.0,0.0,1.0,3000.0,2000.0,900.0,5.8,0.77,0.2,,2.1,13.0,0.0,37.0,282281.0,273863.0
AC001,2024.0,verano,22.0,20.0,1.6,7.45,0.0,1.0,0.0,1.0,18000.0,16000.0,3500.0,5.3,1.55,,,11.0,38.7,0.0,30.0,,
AC001,2024.0,primavera,25.3,18.0,0.5,7.2,0.0,1.0,0.0,1.0,,,,2.0,3.5,,,,11.5,0.0,56.0,,
AV051,2024.0,verano,22.0,20.0,4.9,7.55,0.0,0.0,0.0,0.0,2100.0,1900.0,290.0,5.1,0.43,0.26,,7.0,71.2,0.0,51.0,367554.0,289059.0
AV051,2024.0,primavera,25.8,18.0,1.1,7.4,0.0,0.0,0.0,0.0,,,,2.5,1.2,,,,34.1,0.0,74.0,367554.0,289059.0
AV052,2024.0,verano,22.0,20.0,3.62,7.45,0.0,1.0,0.0,1.0,1700.0,1200.0,320.0,5.5,0.64,0.27,,,62.5,0.0,41.0,367554.0,289059.0
AV052,2024.0,primavera,26.2,18.0,0.3,7.3,0.0,1.0,0.0,1.0,,,,,1.0,,,,42.0,0.0,55.0,367554.0,289059.0
AV053,2024.0,verano,22.0,20.0,3.96,7.6,0.0,0.0,0.0,0.0,1600.0,1300.0,130.0,5.6,1.06,0.32,,,82.4,0.0,48.0,367554.0,289059.0
AV053,2024.0,primavera,25.2,19.0,0.5,7.3,0.0,0.0,0.0,0.0,,120000.0,1400.0,1.4,1.2,1.1,,10.0,30.7,0.0,36.0,367554.0,289059.0
AV054,2024.0,verano,23.0,20.0,4.05,7.57,0.0,0.0,0.0,0.0,3000.0,2000.0,410.0,5.1,0.88,0.38,,,78.3,0.0,44.0,367554.0,289059.0
AV054,2024.0,primavera,25.9,18.0,1.6,7.4,0.0,0.0,0.0,0.0,,,,3.6,1.7,,,,32.8,0.0,75.0,367554.0,289059.0
AV055,2024.0,verano,23.0,20.0,4.02,7.64,0.0,0.0,0.0,0.0,1500.0,1400.0,230.0,5.2,0.76,0.32,,5.0,64.1,0.0,49.0,367554.0,289059.0
AV055,2024.0,primavera,25.5,19.0,0.3,7.3,0.0,1.0,0.0,0.0,,,,,0.8,,,,62.3,0.0,60.0,367554.0,289059.0
BS091,2024.0,verano,23.0,22.0,8.16,8.08,0.0,0.0,0.0,0.0,95000.0,76000.0,1500.0,4.6,1.43,0.76,,,72.0,0.0,36.0,100930.0,47630.0
BS091,2024.0,primavera,21.7,19.0,8.8,8.5,0.0,0.0,0.0,0.0,,,,3.9,0.2,,,,199.0,0.0,86.0,100930.0,47630.0
BS092,2024.0,verano,22.0,22.0,8.4,8.29,0.0,0.0,0.0,1.0,23000.0,20000.0,4000.0,6.2,0.99,0.7,,10.0,56.2,0.0,36.0,100930.0,47630.0
BS092,2024.0,primavera,20.0,19.0,7.3,8.0,0.0,0.0,0.0,0.0,,,,4.1,2.3,,,,122.0,0.0,76.0,100930.0,47630.0
BS093,2024.0,verano,25.0,24.0,8.47,8.7,0.0,0.0,1.0,0.0,300.0,100.0,20.0,3.8,,0.4,,,66.0,0.0,62.0,100930.0,47630.0
BS093,2024.0,primavera,22.1,19.0,9.1,8.5,0.0,0.0,0.0,0.0,,1300.0,400.0,3.4,,,,,221.0,0.0,56.0,100930.0,47630.0
BS094,2024.0,verano,27.0,23.0,8.16,8.18,0.0,0.0,1.0,0.0,700.0,400.0,30.0,4.3,,0.44,,,66.0,0.0,59.0,100930.0,47630.0
BS094,2024.0,primavera,21.6,19.0,9.0,8.6,0.0,0.0,0.0,0.0,,,,3.7,,,,,193.0,0.0,80.0,100930.0,47630.0
BS095,2024.0,verano,19.0,19.0,7.69,8.26,1.0,0.0,0.0,1.0,180000.0,100000.0,,,,0.56,,,,,27.0,100930.0,47630.0
BS095,2024.0,primavera,22.2,19.0,8.4,8.6,1.0,1.0,0.0,1.0,,,,3.4,0.5,,,,191.0,0.0,62.0,100930.0,47630.0
BZ077,2024.0,verano,,21.0,,,0.0,0.0,0.0,0.0,650.0,400.0,10.0,8.4,,0.42,,6.0,69.2,0.0,59.0,358712.0,267760.0
BZ078,2024.0,verano,,20.0,,,0.0,0.0,0.0,0.0,12000.0,9000.0,400.0,6.9,0.36,,,,59.4,0.0,41.0,358712.0,267760.0
BZ080,2024.0,verano,,22.0,,,0.0,0.0,0.0,0.0,800.0,500.0,80.0,6.6,,0.54,,,63.9,0.0,51.0,358712.0,267760.0
BZ080,2024.0,primavera,,22.2,,,0.0,0.0,0.0,0.0,,2400.0,500.0,5.7,0.1,0.6,,2.0,56.2,0.0,48.0,358712.0,267760.0
EN-adic,2024.0,verano,,20.0,,,0.0,0.0,0.0,0.0,300.0,200.0,50.0,7.4,,0.53,,,68.1,0.0,54.0,63997.0,37375.0
EN-adic,2024.0,primavera,,,,,0.0,0.0,0.0,0.0,,,,1.2,,,,,18.0,0.0,91.0,63997.0,37375.0
EN081,2024.0,verano,22.0,24.0,8.74,8.34,0.0,0.0,0.0,0.0,1500.0,800.0,170.0,7.0,,0.49,,2.0,80.5,0.0,55.0,63997.0,37375.0
EN081,2024.0,primavera,23.7,,7.6,,0.0,0.0,0.0,0.0,,1600.0,350.0,6.4,,0.5,,,73.6,0.0,62.0,63997.0,37375.0
EN082,2024.0,verano,22.0,24.0,6.45,8.11,0.0,0.0,0.0,0.0,600.0,400.0,80.0,7.2,,0.43,,,180.0,0.0,55.0,63997.0,37375.0
EN082,2024.0,primavera,24.7,,4.7,,0.0,0.0,0.0,0.0,,,,6.6,,,,,31.0,0.0,86.0,63997.0,37375.0
EN083,2024.0,verano,21.0,24.0,1.31,7.79,0.0,0.0,0.0,0.0,20000.0,14000.0,300.0,4.2,3.18,0.21,,19.0,52.5,0.0,35.0,63997.0,37375.0
EN083,2024.0,primavera,24.4,,0.8,,0.0,0.0,0.0,0.0,,,,1.4,4.5,,,,17.1,0.0,63.0,63997.0,37375.0
EN084,2024.0,verano,21.0,24.0,4.24,7.87,0.0,0.0,0.0,0.0,300.0,230.0,85.0,8.0,0.09,0.27,,,63.6,0.0,63.0,63997.0,37375.0
EN084,2024.0,primavera,24.5,,6.6,,0.0,0.0,0.0,0.0,,,,7.9,,,,,40.2,0.0,92.0,63997.0,37375.0
QU061,2024.0,verano,22.0,21.0,,7.47,0.0,0.0,0.0,0.0,1400.0,1200.0,80.0,5.5,0.48,0.32,,,97.2,0.0,54.0,633391.0,469008.0
QU061,2024.0,primavera,22.6,23.0,8.5,8.3,0.0,1.0,0.0,1.0,,,,6.1,0.1,,,,5.3,0.0,81.0,633391.0,469008.0
QU062,2024.0,verano,22.0,21.0,,7.48,0.0,0.0,0.0,0.0,800.0,600.0,60.0,7.6,0.77,0.44,,5.0,64.5,0.0,54.0,633391.0,469008.0
QU062,2024.0,primavera,22.6,23.0,8.5,8.2,0.0,1.0,0.0,1.0,,,,11.6,0.1,,,,87.8,0.0,81.0,633391.0,469008.0
QU063,2024.0,verano,22.0,21.0,,7.57,0.0,0.0,0.0,0.0,1100.0,800.0,10.0,8.3,0.78,0.44,,5.0,58.0,0.0,56.0,633391.0,469008.0
QU063,2024.0,primavera,22.6,23.0,7.1,5.7,0.0,1.0,0.0,1.0,,6700.0,600.0,13.6,,0.4,,4.0,44.2,0.0,41.0,633391.0,469008.0
SF015,2024.0,verano,24.0,19.0,4.85,,0.0,0.0,0.0,1.0,9000.0,6000.0,800.0,2.5,0.37,0.23,,5.0,139.0,0.0,36.0,171616.0,157308.0
SF015,2024.0,primavera,25.4,23.0,1.9,7.4,0.0,0.0,0.0,0.0,,,,2.0,2.1,,,,12.6,0.0,74.0,171616.0,157308.0
SI021,2024.0,verano,24.0,20.0,3.19,6.82,0.0,0.0,0.0,0.0,900.0,800.0,140.0,3.4,0.53,0.18,,,63.1,0.0,53.0,297282.0,275528.0
SI022,2024.0,verano,23.0,19.0,6.14,7.0,0.0,0.0,0.0,0.0,3100.0,2700.0,340.0,4.4,0.4,0.29,,3.0,75.4,0.0,50.0,297282.0,275528.0
SI023,2024.0,verano,23.0,19.0,1.34,6.86,1.0,1.0,0.0,1.0,62000.0,48000.0,4600.0,5.0,1.68,0.52,,5.0,56.2,0.0,27.0,297282.0,275528.0
SI023,2024.0,primavera,24.5,20.0,2.8,7.6,0.0,0.0,0.0,0.0,,96000.0,15000.0,16.6,5.7,0.5,,3.0,2.2,0.0,36.0,297282.0,275528.0
SI024,2024.0,verano,23.0,21.0,8.14,7.0,0.0,0.0,0.0,0.0,5300.0,4500.0,540.0,6.8,0.16,0.17,,3.0,20.9,0.0,47.0,297282.0,275528.0
SI024,2024.0,primavera,24.5,20.0,7.7,8.0,0.0,0.0,0.0,0.0,,,,7.3,0.3,,,,27.9,0.0,93.0,297282.0,275528.0
TI001,2024.0,verano,23.0,24.0,3.58,6.81,0.0,0.0,0.0,0.0,640.0,380.0,180.0,,0.09,0.2,,,267.0,0.0,54.0,446949.0,144834.0
TI002,2024.0,verano,23.0,24.0,6.02,6.89,0.0,0.0,0.0,0.0,4600.0,4100.0,500.0,1.9,0.65,0.31,,4.0,154.0,0.0,42.0,446949.0,144834.0
TI003,2024.0,verano,22.0,24.0,4.05,6.86,0.0,0.0,0.0,0.0,1700.0,900.0,170.0,1.5,0.37,0.29,,2.0,112.0,0.0,51.0,446949.0,144834.0
TI003,2024.0,primavera,24.9,23.0,2.6,6.8,1.0,0.0,1.0,0.0,,5900.0,2300.0,,1.2,0.3,,3.0,53.8,0.0,38.0,446949.0,144834.0
TI004,2024.0,verano,22.0,23.0,2.97,6.81,0.0,0.0,0.0,0.0,15000.0,13000.0,1000.0,1.8,0.95,0.29,,5.0,147.0,0.0,35.0,446949.0,144834.0
TI005,2024.0,verano,22.0,23.0,2.13,6.81,0.0,0.0,0.0,0.0,11000.0,7400.0,200.0,1.8,1.36,0.54,,,123.0,0.0,35.0,446949.0,144834.0
TI005,2024.0,primavera,25.7,23.0,0.8,6.6,1.0,1.0,1.0,0.0,,,,1.1,3.9,,,,19.4,0.0,52.0,446949.0,144834.0
TI006,2024.0,verano,23.0,24.0,4.67,6.84,0.0,0.0,0.0,0.0,2200.0,2000.0,100.0,1.8,0.24,0.23,,,126.0,0.0,47.0,446949.0,144834.0
TI007,2024.0,verano,22.0,23.0,1.96,7.59,0.0,0.0,0.0,1.0,6900.0,5800.0,1800.0,1.6,1.2,0.44,,8.0,96.6,0.0,37.0,446949.0,144834.0
TI007,,,25.6,23.0,0.8,6.7,0.0,1.0,1.0,0.0,,,,1.2,4.3,,,,13.1,0.0,57.0,446949.0,144834.0
TI008,2024.0,verano,23.0,25.0,6.43,7.02,0.0,0.0,0.0,0.0,340.0,220.0,90.0,1.9,,0.17,,,202.0,0.0,63.0,446949.0,144834.0
TI009,2024.0,verano,23.0,25.0,5.8,6.92,0.0,0.0,0.0,1.0,440.0,300.0,100.0,1.3,0.12,0.13,,,140.0,0.0,61.0,446949.0,144834.0
VL031,2024.0,verano,22.0,21.0,5.84,7.03,0.0,0.0,0.0,1.0,15000.0,11000.0,1600.0,8.5,0.2,0.33,,,20.1,0.0,39.0,282281.0,273863.0
VL031,2024.0,primavera,24.5,,1.5,6.7,0.0,0.0,0.0,0.0,,,16700.0,9.3,1.2,0.4,,4.0,24.8,0.0,36.0,282281.0,273863.0
VL032,2024.0,verano,22.0,21.0,5.53,7.39,0.0,0.0,0.0,1.0,9000.0,8700.0,2300.0,8.3,0.49,0.25,,3.0,83.8,0.0,40.0,282281.0,273863.0
VL032,2024.0,primavera,25.1,,4.4,7.4,0.0,0.0,0.0,0.0,,,,3.0,0.5,,,,27.7,0.0,87.0,282281.0,273863.0
VL033,2024.0,verano,22.0,21.0,7.22,7.4,0.0,0.0,0.0,1.0,5000.0,4300.0,600.0,13.2,0.51,0.34,,4.0,63.1,0.0,42.0,282281.0,273863.0
